GERENCIA_CENTRAL;AREA_TRIBU;PRODUCTO_DE_DATA;TOTAL_PRODUCTO_DATA;ESTADO_GENERAL;PRIORIDAD_NEGOCIO;TOTAL_PROCESOS
BANCA MAYORISTA;AUDITORÍA CONTINUA Y DESARROLLO CORPORATIVO;POR_DEFINIR;0;1. IMPLEMENTADO;2. ALTO;0
BANCA MAYORISTA;AUDITORÍA CONTINUA Y DESARROLLO CORPORATIVO;POR_DEFINIR;0;2. EN PROCESO;2. ALTO;0
BANCA MAYORISTA;AUDITORÍA CONTINUA Y DESARROLLO CORPORATIVO;POR_DEFINIR;0;4. BACKLOG;2. ALTO;1
BANCA MAYORISTA;AUDITORÍA CONTINUA Y DESARROLLO CORPORATIVO;POR_DEFINIR;0;5. OBSOLETO;2. ALTO;0
BANCA MAYORISTA;AUDITORÍA CONTINUA Y DESARROLLO CORPORATIVO;POR_DEFINIR;0;6. IRÁ A APLICATIVO;2. ALTO;0
BANCA MAYORISTA;PLANEAMIENTO MAYORISTA;POR_DEFINIR;0;1. IMPLEMENTADO;0. BAJO;0
BANCA MAYORISTA;PLANEAMIENTO MAYORISTA;POR_DEFINIR;0;1. IMPLEMENTADO;1. MEDIO;0
BANCA MAYORISTA;PLANEAMIENTO MAYORISTA;POR_DEFINIR;0;1. IMPLEMENTADO;2. ALTO;0
BANCA MAYORISTA;PLANEAMIENTO MAYORISTA;POR_DEFINIR;0;2. EN PROCESO;0. BAJO;0
BANCA MAYORISTA;PLANEAMIENTO MAYORISTA;POR_DEFINIR;0;2. EN PROCESO;1. MEDIO;0
BANCA MAYORISTA;PLANEAMIENTO MAYORISTA;POR_DEFINIR;0;2. EN PROCESO;2. ALTO;0
BANCA MAYORISTA;PLANEAMIENTO MAYORISTA;POR_DEFINIR;0;4. BACKLOG;0. BAJO;51
BANCA MAYORISTA;PLANEAMIENTO MAYORISTA;POR_DEFINIR;0;4. BACKLOG;1. MEDIO;53
BANCA MAYORISTA;PLANEAMIENTO MAYORISTA;POR_DEFINIR;0;4. BACKLOG;2. ALTO;24
BANCA MAYORISTA;PLANEAMIENTO MAYORISTA;POR_DEFINIR;0;5. OBSOLETO;0. BAJO;0
BANCA MAYORISTA;PLANEAMIENTO MAYORISTA;POR_DEFINIR;0;5. OBSOLETO;1. MEDIO;0
BANCA MAYORISTA;PLANEAMIENTO MAYORISTA;POR_DEFINIR;0;5. OBSOLETO;2. ALTO;0
BANCA MAYORISTA;PLANEAMIENTO MAYORISTA;POR_DEFINIR;0;6. IRÁ A APLICATIVO;0. BAJO;0
BANCA MAYORISTA;PLANEAMIENTO MAYORISTA;POR_DEFINIR;0;6. IRÁ A APLICATIVO;1. MEDIO;0
BANCA MAYORISTA;PLANEAMIENTO MAYORISTA;POR_DEFINIR;0;6. IRÁ A APLICATIVO;2. ALTO;0
BANCA MAYORISTA;TRIBU TRANSACCIONALES EMPRESA;POR_DEFINIR;0;1. IMPLEMENTADO;1. MEDIO;0
BANCA MAYORISTA;TRIBU TRANSACCIONALES EMPRESA;POR_DEFINIR;0;2. EN PROCESO;1. MEDIO;0
BANCA MAYORISTA;TRIBU TRANSACCIONALES EMPRESA;POR_DEFINIR;0;4. BACKLOG;1. MEDIO;3
BANCA MAYORISTA;TRIBU TRANSACCIONALES EMPRESA;POR_DEFINIR;0;5. OBSOLETO;1. MEDIO;0
BANCA MAYORISTA;TRIBU TRANSACCIONALES EMPRESA;POR_DEFINIR;0;6. IRÁ A APLICATIVO;1. MEDIO;0
CUMPLIMIENTO/AUDITORÍA/GDH;AUDITORÍA DE TI;POR_DEFINIR;0;1. IMPLEMENTADO;2. ALTO;0
CUMPLIMIENTO/AUDITORÍA/GDH;AUDITORÍA DE TI;POR_DEFINIR;0;2. EN PROCESO;2. ALTO;0
CUMPLIMIENTO/AUDITORÍA/GDH;AUDITORÍA DE TI;POR_DEFINIR;0;4. BACKLOG;2. ALTO;1
CUMPLIMIENTO/AUDITORÍA/GDH;AUDITORÍA DE TI;POR_DEFINIR;0;5. OBSOLETO;2. ALTO;0
CUMPLIMIENTO/AUDITORÍA/GDH;AUDITORÍA DE TI;POR_DEFINIR;0;6. IRÁ A APLICATIVO;2. ALTO;0
CUMPLIMIENTO/AUDITORÍA/GDH;CUMPLIMIENTO;POR_DEFINIR;0;1. IMPLEMENTADO;1. MEDIO;0
CUMPLIMIENTO/AUDITORÍA/GDH;CUMPLIMIENTO;POR_DEFINIR;0;2. EN PROCESO;1. MEDIO;0
CUMPLIMIENTO/AUDITORÍA/GDH;CUMPLIMIENTO;POR_DEFINIR;0;4. BACKLOG;1. MEDIO;2
CUMPLIMIENTO/AUDITORÍA/GDH;CUMPLIMIENTO;POR_DEFINIR;0;5. OBSOLETO;1. MEDIO;0
CUMPLIMIENTO/AUDITORÍA/GDH;CUMPLIMIENTO;POR_DEFINIR;0;6. IRÁ A APLICATIVO;1. MEDIO;0
CUMPLIMIENTO/AUDITORÍA/GDH;GDHA;POR_DEFINIR;0;1. IMPLEMENTADO;1. MEDIO;0
CUMPLIMIENTO/AUDITORÍA/GDH;GDHA;POR_DEFINIR;0;2. EN PROCESO;1. MEDIO;0
CUMPLIMIENTO/AUDITORÍA/GDH;GDHA;POR_DEFINIR;0;4. BACKLOG;1. MEDIO;1
CUMPLIMIENTO/AUDITORÍA/GDH;GDHA;POR_DEFINIR;0;5. OBSOLETO;1. MEDIO;0
CUMPLIMIENTO/AUDITORÍA/GDH;GDHA;POR_DEFINIR;0;6. IRÁ A APLICATIVO;1. MEDIO;0
GDHA;GDHA;POR_DEFINIR;0;1. IMPLEMENTADO;0. BAJO;0
GDHA;GDHA;POR_DEFINIR;0;1. IMPLEMENTADO;1. MEDIO;0
GDHA;GDHA;POR_DEFINIR;0;1. IMPLEMENTADO;2. ALTO;0
GDHA;GDHA;POR_DEFINIR;0;2. EN PROCESO;0. BAJO;0
GDHA;GDHA;POR_DEFINIR;0;2. EN PROCESO;1. MEDIO;0
GDHA;GDHA;POR_DEFINIR;0;2. EN PROCESO;2. ALTO;0
GDHA;GDHA;POR_DEFINIR;0;4. BACKLOG;0. BAJO;11
GDHA;GDHA;POR_DEFINIR;0;4. BACKLOG;1. MEDIO;15
GDHA;GDHA;POR_DEFINIR;0;4. BACKLOG;2. ALTO;6
GDHA;GDHA;POR_DEFINIR;0;5. OBSOLETO;0. BAJO;0
GDHA;GDHA;POR_DEFINIR;0;5. OBSOLETO;1. MEDIO;0
GDHA;GDHA;POR_DEFINIR;0;5. OBSOLETO;2. ALTO;0
GDHA;GDHA;POR_DEFINIR;0;6. IRÁ A APLICATIVO;0. BAJO;0
GDHA;GDHA;POR_DEFINIR;0;6. IRÁ A APLICATIVO;1. MEDIO;0
GDHA;GDHA;POR_DEFINIR;0;6. IRÁ A APLICATIVO;2. ALTO;0
PERSONAS Y PEQUEÑOS NEGOCIOS;AREA DE DISRUPCION EN CAMBIOS;POR_DEFINIR;0;1. IMPLEMENTADO;2. ALTO;0
PERSONAS Y PEQUEÑOS NEGOCIOS;AREA DE DISRUPCION EN CAMBIOS;POR_DEFINIR;0;2. EN PROCESO;2. ALTO;0
PERSONAS Y PEQUEÑOS NEGOCIOS;AREA DE DISRUPCION EN CAMBIOS;POR_DEFINIR;0;4. BACKLOG;2. ALTO;2
PERSONAS Y PEQUEÑOS NEGOCIOS;AREA DE DISRUPCION EN CAMBIOS;POR_DEFINIR;0;5. OBSOLETO;2. ALTO;0
PERSONAS Y PEQUEÑOS NEGOCIOS;AREA DE DISRUPCION EN CAMBIOS;POR_DEFINIR;0;6. IRÁ A APLICATIVO;2. ALTO;0
PERSONAS Y PEQUEÑOS NEGOCIOS;BANCA AFLUENTE;POR_DEFINIR;0;1. IMPLEMENTADO;1. MEDIO;0
PERSONAS Y PEQUEÑOS NEGOCIOS;BANCA AFLUENTE;POR_DEFINIR;0;2. EN PROCESO;1. MEDIO;0
PERSONAS Y PEQUEÑOS NEGOCIOS;BANCA AFLUENTE;POR_DEFINIR;0;4. BACKLOG;1. MEDIO;3
PERSONAS Y PEQUEÑOS NEGOCIOS;BANCA AFLUENTE;POR_DEFINIR;0;5. OBSOLETO;1. MEDIO;0
PERSONAS Y PEQUEÑOS NEGOCIOS;BANCA AFLUENTE;POR_DEFINIR;0;6. IRÁ A APLICATIVO;1. MEDIO;0
PERSONAS Y PEQUEÑOS NEGOCIOS;BANCA NEGOCIOS;POR_DEFINIR;0;1. IMPLEMENTADO;0. BAJO;0
PERSONAS Y PEQUEÑOS NEGOCIOS;BANCA NEGOCIOS;POR_DEFINIR;0;1. IMPLEMENTADO;1. MEDIO;0
PERSONAS Y PEQUEÑOS NEGOCIOS;BANCA NEGOCIOS;POR_DEFINIR;0;1. IMPLEMENTADO;2. ALTO;0
PERSONAS Y PEQUEÑOS NEGOCIOS;BANCA NEGOCIOS;POR_DEFINIR;0;2. EN PROCESO;0. BAJO;0
PERSONAS Y PEQUEÑOS NEGOCIOS;BANCA NEGOCIOS;POR_DEFINIR;0;2. EN PROCESO;1. MEDIO;0
PERSONAS Y PEQUEÑOS NEGOCIOS;BANCA NEGOCIOS;POR_DEFINIR;0;2. EN PROCESO;2. ALTO;0
PERSONAS Y PEQUEÑOS NEGOCIOS;BANCA NEGOCIOS;POR_DEFINIR;0;4. BACKLOG;0. BAJO;3
PERSONAS Y PEQUEÑOS NEGOCIOS;BANCA NEGOCIOS;POR_DEFINIR;0;4. BACKLOG;1. MEDIO;10
PERSONAS Y PEQUEÑOS NEGOCIOS;BANCA NEGOCIOS;POR_DEFINIR;0;4. BACKLOG;2. ALTO;5
PERSONAS Y PEQUEÑOS NEGOCIOS;BANCA NEGOCIOS;POR_DEFINIR;0;5. OBSOLETO;0. BAJO;0
PERSONAS Y PEQUEÑOS NEGOCIOS;BANCA NEGOCIOS;POR_DEFINIR;0;5. OBSOLETO;1. MEDIO;0
PERSONAS Y PEQUEÑOS NEGOCIOS;BANCA NEGOCIOS;POR_DEFINIR;0;5. OBSOLETO;2. ALTO;0
PERSONAS Y PEQUEÑOS NEGOCIOS;BANCA NEGOCIOS;POR_DEFINIR;0;6. IRÁ A APLICATIVO;0. BAJO;0
PERSONAS Y PEQUEÑOS NEGOCIOS;BANCA NEGOCIOS;POR_DEFINIR;0;6. IRÁ A APLICATIVO;1. MEDIO;0
PERSONAS Y PEQUEÑOS NEGOCIOS;BANCA NEGOCIOS;POR_DEFINIR;0;6. IRÁ A APLICATIVO;2. ALTO;0
PERSONAS Y PEQUEÑOS NEGOCIOS;BANCA PYME;POR_DEFINIR;0;1. IMPLEMENTADO;2. ALTO;0
PERSONAS Y PEQUEÑOS NEGOCIOS;BANCA PYME;POR_DEFINIR;0;2. EN PROCESO;2. ALTO;0
PERSONAS Y PEQUEÑOS NEGOCIOS;BANCA PYME;POR_DEFINIR;0;4. BACKLOG;2. ALTO;2
PERSONAS Y PEQUEÑOS NEGOCIOS;BANCA PYME;POR_DEFINIR;0;5. OBSOLETO;2. ALTO;0
PERSONAS Y PEQUEÑOS NEGOCIOS;BANCA PYME;POR_DEFINIR;0;6. IRÁ A APLICATIVO;2. ALTO;0
PERSONAS Y PEQUEÑOS NEGOCIOS;CLIENTES CONTENTOS;POR_DEFINIR;0;1. IMPLEMENTADO;0. BAJO;0
PERSONAS Y PEQUEÑOS NEGOCIOS;CLIENTES CONTENTOS;POR_DEFINIR;0;1. IMPLEMENTADO;1. MEDIO;0
PERSONAS Y PEQUEÑOS NEGOCIOS;CLIENTES CONTENTOS;POR_DEFINIR;0;1. IMPLEMENTADO;2. ALTO;0
PERSONAS Y PEQUEÑOS NEGOCIOS;CLIENTES CONTENTOS;POR_DEFINIR;0;2. EN PROCESO;0. BAJO;0
PERSONAS Y PEQUEÑOS NEGOCIOS;CLIENTES CONTENTOS;POR_DEFINIR;0;2. EN PROCESO;1. MEDIO;0
PERSONAS Y PEQUEÑOS NEGOCIOS;CLIENTES CONTENTOS;POR_DEFINIR;0;2. EN PROCESO;2. ALTO;0
PERSONAS Y PEQUEÑOS NEGOCIOS;CLIENTES CONTENTOS;POR_DEFINIR;0;4. BACKLOG;0. BAJO;2
PERSONAS Y PEQUEÑOS NEGOCIOS;CLIENTES CONTENTOS;POR_DEFINIR;0;4. BACKLOG;1. MEDIO;27
PERSONAS Y PEQUEÑOS NEGOCIOS;CLIENTES CONTENTOS;POR_DEFINIR;0;4. BACKLOG;2. ALTO;7
PERSONAS Y PEQUEÑOS NEGOCIOS;CLIENTES CONTENTOS;POR_DEFINIR;0;5. OBSOLETO;0. BAJO;0
PERSONAS Y PEQUEÑOS NEGOCIOS;CLIENTES CONTENTOS;POR_DEFINIR;0;5. OBSOLETO;1. MEDIO;2
PERSONAS Y PEQUEÑOS NEGOCIOS;CLIENTES CONTENTOS;POR_DEFINIR;0;5. OBSOLETO;2. ALTO;0
PERSONAS Y PEQUEÑOS NEGOCIOS;CLIENTES CONTENTOS;POR_DEFINIR;0;6. IRÁ A APLICATIVO;0. BAJO;0
PERSONAS Y PEQUEÑOS NEGOCIOS;CLIENTES CONTENTOS;POR_DEFINIR;0;6. IRÁ A APLICATIVO;1. MEDIO;0
PERSONAS Y PEQUEÑOS NEGOCIOS;CLIENTES CONTENTOS;POR_DEFINIR;0;6. IRÁ A APLICATIVO;2. ALTO;0
PERSONAS Y PEQUEÑOS NEGOCIOS;CRMA;POR_DEFINIR;0;1. IMPLEMENTADO;1. MEDIO;0
PERSONAS Y PEQUEÑOS NEGOCIOS;CRMA;POR_DEFINIR;0;2. EN PROCESO;1. MEDIO;0
PERSONAS Y PEQUEÑOS NEGOCIOS;CRMA;POR_DEFINIR;0;4. BACKLOG;1. MEDIO;66
PERSONAS Y PEQUEÑOS NEGOCIOS;CRMA;POR_DEFINIR;0;5. OBSOLETO;1. MEDIO;0
PERSONAS Y PEQUEÑOS NEGOCIOS;CRMA;POR_DEFINIR;0;6. IRÁ A APLICATIVO;1. MEDIO;0
PERSONAS Y PEQUEÑOS NEGOCIOS;DCA - CENTRO DE CONTACTO;POR_DEFINIR;0;1. IMPLEMENTADO;0. BAJO;0
PERSONAS Y PEQUEÑOS NEGOCIOS;DCA - CENTRO DE CONTACTO;POR_DEFINIR;0;1. IMPLEMENTADO;2. ALTO;0
PERSONAS Y PEQUEÑOS NEGOCIOS;DCA - CENTRO DE CONTACTO;POR_DEFINIR;0;2. EN PROCESO;0. BAJO;0
PERSONAS Y PEQUEÑOS NEGOCIOS;DCA - CENTRO DE CONTACTO;POR_DEFINIR;0;2. EN PROCESO;2. ALTO;0
PERSONAS Y PEQUEÑOS NEGOCIOS;DCA - CENTRO DE CONTACTO;POR_DEFINIR;0;4. BACKLOG;0. BAJO;5
PERSONAS Y PEQUEÑOS NEGOCIOS;DCA - CENTRO DE CONTACTO;POR_DEFINIR;0;4. BACKLOG;2. ALTO;6
PERSONAS Y PEQUEÑOS NEGOCIOS;DCA - CENTRO DE CONTACTO;POR_DEFINIR;0;5. OBSOLETO;0. BAJO;0
PERSONAS Y PEQUEÑOS NEGOCIOS;DCA - CENTRO DE CONTACTO;POR_DEFINIR;0;5. OBSOLETO;2. ALTO;0
PERSONAS Y PEQUEÑOS NEGOCIOS;DCA - CENTRO DE CONTACTO;POR_DEFINIR;0;6. IRÁ A APLICATIVO;0. BAJO;0
PERSONAS Y PEQUEÑOS NEGOCIOS;DCA - CENTRO DE CONTACTO;POR_DEFINIR;0;6. IRÁ A APLICATIVO;2. ALTO;0
PERSONAS Y PEQUEÑOS NEGOCIOS;DCA - PLANEAMIENTO Y TRANSFORMACIÓN DE LA EXPERIENCIA COMERCIAL;POR_DEFINIR;0;1. IMPLEMENTADO;0. BAJO;0
PERSONAS Y PEQUEÑOS NEGOCIOS;DCA - PLANEAMIENTO Y TRANSFORMACIÓN DE LA EXPERIENCIA COMERCIAL;POR_DEFINIR;0;1. IMPLEMENTADO;1. MEDIO;0
PERSONAS Y PEQUEÑOS NEGOCIOS;DCA - PLANEAMIENTO Y TRANSFORMACIÓN DE LA EXPERIENCIA COMERCIAL;POR_DEFINIR;0;1. IMPLEMENTADO;2. ALTO;0
PERSONAS Y PEQUEÑOS NEGOCIOS;DCA - PLANEAMIENTO Y TRANSFORMACIÓN DE LA EXPERIENCIA COMERCIAL;POR_DEFINIR;0;2. EN PROCESO;0. BAJO;0
PERSONAS Y PEQUEÑOS NEGOCIOS;DCA - PLANEAMIENTO Y TRANSFORMACIÓN DE LA EXPERIENCIA COMERCIAL;POR_DEFINIR;0;2. EN PROCESO;1. MEDIO;0
PERSONAS Y PEQUEÑOS NEGOCIOS;DCA - PLANEAMIENTO Y TRANSFORMACIÓN DE LA EXPERIENCIA COMERCIAL;POR_DEFINIR;0;2. EN PROCESO;2. ALTO;0
PERSONAS Y PEQUEÑOS NEGOCIOS;DCA - PLANEAMIENTO Y TRANSFORMACIÓN DE LA EXPERIENCIA COMERCIAL;POR_DEFINIR;0;4. BACKLOG;0. BAJO;1
PERSONAS Y PEQUEÑOS NEGOCIOS;DCA - PLANEAMIENTO Y TRANSFORMACIÓN DE LA EXPERIENCIA COMERCIAL;POR_DEFINIR;0;4. BACKLOG;1. MEDIO;23
PERSONAS Y PEQUEÑOS NEGOCIOS;DCA - PLANEAMIENTO Y TRANSFORMACIÓN DE LA EXPERIENCIA COMERCIAL;POR_DEFINIR;0;4. BACKLOG;2. ALTO;9
PERSONAS Y PEQUEÑOS NEGOCIOS;DCA - PLANEAMIENTO Y TRANSFORMACIÓN DE LA EXPERIENCIA COMERCIAL;POR_DEFINIR;0;5. OBSOLETO;0. BAJO;0
PERSONAS Y PEQUEÑOS NEGOCIOS;DCA - PLANEAMIENTO Y TRANSFORMACIÓN DE LA EXPERIENCIA COMERCIAL;POR_DEFINIR;0;5. OBSOLETO;1. MEDIO;0
PERSONAS Y PEQUEÑOS NEGOCIOS;DCA - PLANEAMIENTO Y TRANSFORMACIÓN DE LA EXPERIENCIA COMERCIAL;POR_DEFINIR;0;5. OBSOLETO;2. ALTO;0
PERSONAS Y PEQUEÑOS NEGOCIOS;DCA - PLANEAMIENTO Y TRANSFORMACIÓN DE LA EXPERIENCIA COMERCIAL;POR_DEFINIR;0;6. IRÁ A APLICATIVO;0. BAJO;0
PERSONAS Y PEQUEÑOS NEGOCIOS;DCA - PLANEAMIENTO Y TRANSFORMACIÓN DE LA EXPERIENCIA COMERCIAL;POR_DEFINIR;0;6. IRÁ A APLICATIVO;1. MEDIO;0
PERSONAS Y PEQUEÑOS NEGOCIOS;DCA - PLANEAMIENTO Y TRANSFORMACIÓN DE LA EXPERIENCIA COMERCIAL;POR_DEFINIR;0;6. IRÁ A APLICATIVO;2. ALTO;0
PERSONAS Y PEQUEÑOS NEGOCIOS;PLANEAMIENTO PERS Y PEQ NEGOCIOS;POR_DEFINIR;0;1. IMPLEMENTADO;0. BAJO;0
PERSONAS Y PEQUEÑOS NEGOCIOS;PLANEAMIENTO PERS Y PEQ NEGOCIOS ;POR_DEFINIR;0;1. IMPLEMENTADO;1. MEDIO;0
PERSONAS Y PEQUEÑOS NEGOCIOS;PLANEAMIENTO PERS Y PEQ NEGOCIOS ;POR_DEFINIR;0;1. IMPLEMENTADO;2. ALTO;1
PERSONAS Y PEQUEÑOS NEGOCIOS;PLANEAMIENTO PERS Y PEQ NEGOCIOS;POR_DEFINIR;0;2. EN PROCESO;0. BAJO;0
PERSONAS Y PEQUEÑOS NEGOCIOS;PLANEAMIENTO PERS Y PEQ NEGOCIOS ;POR_DEFINIR;0;2. EN PROCESO;1. MEDIO;1
PERSONAS Y PEQUEÑOS NEGOCIOS;PLANEAMIENTO PERS Y PEQ NEGOCIOS ;POR_DEFINIR;0;2. EN PROCESO;2. ALTO;0
PERSONAS Y PEQUEÑOS NEGOCIOS;PLANEAMIENTO PERS Y PEQ NEGOCIOS;POR_DEFINIR;0;4. BACKLOG;0. BAJO;5
PERSONAS Y PEQUEÑOS NEGOCIOS;PLANEAMIENTO PERS Y PEQ NEGOCIOS;POR_DEFINIR;0;4. BACKLOG;1. MEDIO;11
PERSONAS Y PEQUEÑOS NEGOCIOS;PLANEAMIENTO PERS Y PEQ NEGOCIOS ;POR_DEFINIR;0;4. BACKLOG;2. ALTO;1
PERSONAS Y PEQUEÑOS NEGOCIOS;PLANEAMIENTO PERS Y PEQ NEGOCIOS;POR_DEFINIR;0;5. OBSOLETO;0. BAJO;0
PERSONAS Y PEQUEÑOS NEGOCIOS;PLANEAMIENTO PERS Y PEQ NEGOCIOS ;POR_DEFINIR;0;5. OBSOLETO;1. MEDIO;0
PERSONAS Y PEQUEÑOS NEGOCIOS;PLANEAMIENTO PERS Y PEQ NEGOCIOS ;POR_DEFINIR;0;5. OBSOLETO;2. ALTO;0
PERSONAS Y PEQUEÑOS NEGOCIOS;PLANEAMIENTO PERS Y PEQ NEGOCIOS;POR_DEFINIR;0;6. IRÁ A APLICATIVO;0. BAJO;0
PERSONAS Y PEQUEÑOS NEGOCIOS;PLANEAMIENTO PERS Y PEQ NEGOCIOS ;POR_DEFINIR;0;6. IRÁ A APLICATIVO;1. MEDIO;0
PERSONAS Y PEQUEÑOS NEGOCIOS;PLANEAMIENTO PERS Y PEQ NEGOCIOS ;POR_DEFINIR;0;6. IRÁ A APLICATIVO;2. ALTO;2
PERSONAS Y PEQUEÑOS NEGOCIOS;PLANEAMIENTO PERS Y PEQ NEGOCIOS (CANALES);POR_DEFINIR;0;1. IMPLEMENTADO;0. BAJO;0
PERSONAS Y PEQUEÑOS NEGOCIOS;PLANEAMIENTO PERS Y PEQ NEGOCIOS (CANALES);POR_DEFINIR;0;1. IMPLEMENTADO;1. MEDIO;0
PERSONAS Y PEQUEÑOS NEGOCIOS;PLANEAMIENTO PERS Y PEQ NEGOCIOS (CANALES);POR_DEFINIR;0;1. IMPLEMENTADO;2. ALTO;0
PERSONAS Y PEQUEÑOS NEGOCIOS;PLANEAMIENTO PERS Y PEQ NEGOCIOS (CANALES);POR_DEFINIR;0;2. EN PROCESO;0. BAJO;0
PERSONAS Y PEQUEÑOS NEGOCIOS;PLANEAMIENTO PERS Y PEQ NEGOCIOS (CANALES);POR_DEFINIR;0;2. EN PROCESO;1. MEDIO;0
PERSONAS Y PEQUEÑOS NEGOCIOS;PLANEAMIENTO PERS Y PEQ NEGOCIOS (CANALES);POR_DEFINIR;0;2. EN PROCESO;2. ALTO;0
PERSONAS Y PEQUEÑOS NEGOCIOS;PLANEAMIENTO PERS Y PEQ NEGOCIOS (CANALES);POR_DEFINIR;0;4. BACKLOG;0. BAJO;3
PERSONAS Y PEQUEÑOS NEGOCIOS;PLANEAMIENTO PERS Y PEQ NEGOCIOS (CANALES);POR_DEFINIR;0;4. BACKLOG;1. MEDIO;2
PERSONAS Y PEQUEÑOS NEGOCIOS;PLANEAMIENTO PERS Y PEQ NEGOCIOS (CANALES);POR_DEFINIR;0;4. BACKLOG;2. ALTO;3
PERSONAS Y PEQUEÑOS NEGOCIOS;PLANEAMIENTO PERS Y PEQ NEGOCIOS (CANALES);POR_DEFINIR;0;5. OBSOLETO;0. BAJO;0
PERSONAS Y PEQUEÑOS NEGOCIOS;PLANEAMIENTO PERS Y PEQ NEGOCIOS (CANALES);POR_DEFINIR;0;5. OBSOLETO;1. MEDIO;0
PERSONAS Y PEQUEÑOS NEGOCIOS;PLANEAMIENTO PERS Y PEQ NEGOCIOS (CANALES);POR_DEFINIR;0;5. OBSOLETO;2. ALTO;0
PERSONAS Y PEQUEÑOS NEGOCIOS;PLANEAMIENTO PERS Y PEQ NEGOCIOS (CANALES);POR_DEFINIR;0;6. IRÁ A APLICATIVO;0. BAJO;0
PERSONAS Y PEQUEÑOS NEGOCIOS;PLANEAMIENTO PERS Y PEQ NEGOCIOS (CANALES);POR_DEFINIR;0;6. IRÁ A APLICATIVO;1. MEDIO;0
PERSONAS Y PEQUEÑOS NEGOCIOS;PLANEAMIENTO PERS Y PEQ NEGOCIOS (CANALES);POR_DEFINIR;0;6. IRÁ A APLICATIVO;2. ALTO;0
PERSONAS Y PEQUEÑOS NEGOCIOS;TRIBU ARPAY;POR_DEFINIR;0;1. IMPLEMENTADO;1. MEDIO;0
PERSONAS Y PEQUEÑOS NEGOCIOS;TRIBU ARPAY;POR_DEFINIR;0;2. EN PROCESO;1. MEDIO;0
PERSONAS Y PEQUEÑOS NEGOCIOS;TRIBU ARPAY;POR_DEFINIR;0;4. BACKLOG;1. MEDIO;18
PERSONAS Y PEQUEÑOS NEGOCIOS;TRIBU ARPAY;POR_DEFINIR;0;5. OBSOLETO;1. MEDIO;0
PERSONAS Y PEQUEÑOS NEGOCIOS;TRIBU ARPAY;POR_DEFINIR;0;6. IRÁ A APLICATIVO;1. MEDIO;0
PERSONAS Y PEQUEÑOS NEGOCIOS;TRIBU BANCA SEGUROS;POR_DEFINIR;0;1. IMPLEMENTADO;1. MEDIO;0
PERSONAS Y PEQUEÑOS NEGOCIOS;TRIBU BANCA SEGUROS;POR_DEFINIR;0;2. EN PROCESO;1. MEDIO;0
PERSONAS Y PEQUEÑOS NEGOCIOS;TRIBU BANCA SEGUROS;POR_DEFINIR;0;4. BACKLOG;1. MEDIO;7
PERSONAS Y PEQUEÑOS NEGOCIOS;TRIBU BANCA SEGUROS;POR_DEFINIR;0;5. OBSOLETO;1. MEDIO;0
PERSONAS Y PEQUEÑOS NEGOCIOS;TRIBU BANCA SEGUROS;POR_DEFINIR;0;6. IRÁ A APLICATIVO;1. MEDIO;0
PERSONAS Y PEQUEÑOS NEGOCIOS;TRIBU CANALES ALTERNATIVOS;POR_DEFINIR;0;1. IMPLEMENTADO;1. MEDIO;0
PERSONAS Y PEQUEÑOS NEGOCIOS;TRIBU CANALES ALTERNATIVOS;POR_DEFINIR;0;2. EN PROCESO;1. MEDIO;0
PERSONAS Y PEQUEÑOS NEGOCIOS;TRIBU CANALES ALTERNATIVOS;POR_DEFINIR;0;4. BACKLOG;1. MEDIO;5
PERSONAS Y PEQUEÑOS NEGOCIOS;TRIBU CANALES ALTERNATIVOS;POR_DEFINIR;0;5. OBSOLETO;1. MEDIO;0
PERSONAS Y PEQUEÑOS NEGOCIOS;TRIBU CANALES ALTERNATIVOS;POR_DEFINIR;0;6. IRÁ A APLICATIVO;1. MEDIO;0
PERSONAS Y PEQUEÑOS NEGOCIOS;TRIBU DAILY BANKING;POR_DEFINIR;0;1. IMPLEMENTADO;1. MEDIO;0
PERSONAS Y PEQUEÑOS NEGOCIOS;TRIBU DAILY BANKING;POR_DEFINIR;0;1. IMPLEMENTADO;2. ALTO;0
PERSONAS Y PEQUEÑOS NEGOCIOS;TRIBU DAILY BANKING;POR_DEFINIR;0;2. EN PROCESO;1. MEDIO;0
PERSONAS Y PEQUEÑOS NEGOCIOS;TRIBU DAILY BANKING;POR_DEFINIR;0;2. EN PROCESO;2. ALTO;0
PERSONAS Y PEQUEÑOS NEGOCIOS;TRIBU DAILY BANKING;POR_DEFINIR;0;4. BACKLOG;1. MEDIO;20
PERSONAS Y PEQUEÑOS NEGOCIOS;TRIBU DAILY BANKING;POR_DEFINIR;0;4. BACKLOG;2. ALTO;2
PERSONAS Y PEQUEÑOS NEGOCIOS;TRIBU DAILY BANKING;POR_DEFINIR;0;5. OBSOLETO;1. MEDIO;0
PERSONAS Y PEQUEÑOS NEGOCIOS;TRIBU DAILY BANKING;POR_DEFINIR;0;5. OBSOLETO;2. ALTO;0
PERSONAS Y PEQUEÑOS NEGOCIOS;TRIBU DAILY BANKING;POR_DEFINIR;0;6. IRÁ A APLICATIVO;1. MEDIO;0
PERSONAS Y PEQUEÑOS NEGOCIOS;TRIBU DAILY BANKING;POR_DEFINIR;0;6. IRÁ A APLICATIVO;2. ALTO;0
PERSONAS Y PEQUEÑOS NEGOCIOS;TRIBU HIPOTECARIO;POR_DEFINIR;0;1. IMPLEMENTADO;1. MEDIO;0
PERSONAS Y PEQUEÑOS NEGOCIOS;TRIBU HIPOTECARIO;POR_DEFINIR;0;2. EN PROCESO;1. MEDIO;0
PERSONAS Y PEQUEÑOS NEGOCIOS;TRIBU HIPOTECARIO;POR_DEFINIR;0;4. BACKLOG;1. MEDIO;2
PERSONAS Y PEQUEÑOS NEGOCIOS;TRIBU HIPOTECARIO;POR_DEFINIR;0;5. OBSOLETO;1. MEDIO;0
PERSONAS Y PEQUEÑOS NEGOCIOS;TRIBU HIPOTECARIO;POR_DEFINIR;0;6. IRÁ A APLICATIVO;1. MEDIO;0
PERSONAS Y PEQUEÑOS NEGOCIOS;TRIBU SEGMENTOS;POR_DEFINIR;0;1. IMPLEMENTADO;1. MEDIO;0
PERSONAS Y PEQUEÑOS NEGOCIOS;TRIBU SEGMENTOS;POR_DEFINIR;0;1. IMPLEMENTADO;2. ALTO;0
PERSONAS Y PEQUEÑOS NEGOCIOS;TRIBU SEGMENTOS;POR_DEFINIR;0;2. EN PROCESO;1. MEDIO;0
PERSONAS Y PEQUEÑOS NEGOCIOS;TRIBU SEGMENTOS;POR_DEFINIR;0;2. EN PROCESO;2. ALTO;2
PERSONAS Y PEQUEÑOS NEGOCIOS;TRIBU SEGMENTOS;POR_DEFINIR;0;4. BACKLOG;1. MEDIO;49
PERSONAS Y PEQUEÑOS NEGOCIOS;TRIBU SEGMENTOS;POR_DEFINIR;0;4. BACKLOG;2. ALTO;0
PERSONAS Y PEQUEÑOS NEGOCIOS;TRIBU SEGMENTOS;POR_DEFINIR;0;5. OBSOLETO;1. MEDIO;0
PERSONAS Y PEQUEÑOS NEGOCIOS;TRIBU SEGMENTOS;POR_DEFINIR;0;5. OBSOLETO;2. ALTO;0
PERSONAS Y PEQUEÑOS NEGOCIOS;TRIBU SEGMENTOS;POR_DEFINIR;0;6. IRÁ A APLICATIVO;1. MEDIO;0
PERSONAS Y PEQUEÑOS NEGOCIOS;TRIBU SEGMENTOS;POR_DEFINIR;0;6. IRÁ A APLICATIVO;2. ALTO;0
PERSONAS Y PEQUEÑOS NEGOCIOS;TRIBU VENTAS DIGITALES;POR_DEFINIR;0;1. IMPLEMENTADO;1. MEDIO;0
PERSONAS Y PEQUEÑOS NEGOCIOS;TRIBU VENTAS DIGITALES;POR_DEFINIR;0;2. EN PROCESO;1. MEDIO;0
PERSONAS Y PEQUEÑOS NEGOCIOS;TRIBU VENTAS DIGITALES;POR_DEFINIR;0;4. BACKLOG;1. MEDIO;18
PERSONAS Y PEQUEÑOS NEGOCIOS;TRIBU VENTAS DIGITALES;POR_DEFINIR;0;5. OBSOLETO;1. MEDIO;0
PERSONAS Y PEQUEÑOS NEGOCIOS;TRIBU VENTAS DIGITALES;POR_DEFINIR;0;6. IRÁ A APLICATIVO;1. MEDIO;0
PERSONAS Y PEQUEÑOS NEGOCIOS;TRIBU YAPE;POR_DEFINIR;0;1. IMPLEMENTADO;1. MEDIO;0
PERSONAS Y PEQUEÑOS NEGOCIOS;TRIBU YAPE;POR_DEFINIR;0;1. IMPLEMENTADO;2. ALTO;0
PERSONAS Y PEQUEÑOS NEGOCIOS;TRIBU YAPE;POR_DEFINIR;0;2. EN PROCESO;1. MEDIO;0
PERSONAS Y PEQUEÑOS NEGOCIOS;TRIBU YAPE;POR_DEFINIR;0;2. EN PROCESO;2. ALTO;0
PERSONAS Y PEQUEÑOS NEGOCIOS;TRIBU YAPE;POR_DEFINIR;0;4. BACKLOG;1. MEDIO;0
PERSONAS Y PEQUEÑOS NEGOCIOS;TRIBU YAPE;POR_DEFINIR;0;4. BACKLOG;2. ALTO;0
PERSONAS Y PEQUEÑOS NEGOCIOS;TRIBU YAPE;POR_DEFINIR;0;5. OBSOLETO;1. MEDIO;0
PERSONAS Y PEQUEÑOS NEGOCIOS;TRIBU YAPE;POR_DEFINIR;0;5. OBSOLETO;2. ALTO;0
PERSONAS Y PEQUEÑOS NEGOCIOS;TRIBU YAPE;POR_DEFINIR;0;6. IRÁ A APLICATIVO;1. MEDIO;2
PERSONAS Y PEQUEÑOS NEGOCIOS;TRIBU YAPE;POR_DEFINIR;0;6. IRÁ A APLICATIVO;2. ALTO;2
PLANEAMIENTO Y FINANZAS;PLANEAMIENTO Y CONTROL FINANCIERO;POR_DEFINIR;0;1. IMPLEMENTADO;0. BAJO;0
PLANEAMIENTO Y FINANZAS;PLANEAMIENTO Y CONTROL FINANCIERO;POR_DEFINIR;0;1. IMPLEMENTADO;1. MEDIO;0
PLANEAMIENTO Y FINANZAS;PLANEAMIENTO Y CONTROL FINANCIERO;POR_DEFINIR;0;1. IMPLEMENTADO;2. ALTO;0
PLANEAMIENTO Y FINANZAS;PLANEAMIENTO Y CONTROL FINANCIERO;POR_DEFINIR;0;2. EN PROCESO;0. BAJO;0
PLANEAMIENTO Y FINANZAS;PLANEAMIENTO Y CONTROL FINANCIERO;POR_DEFINIR;0;2. EN PROCESO;1. MEDIO;0
PLANEAMIENTO Y FINANZAS;PLANEAMIENTO Y CONTROL FINANCIERO;POR_DEFINIR;0;2. EN PROCESO;2. ALTO;0
PLANEAMIENTO Y FINANZAS;PLANEAMIENTO Y CONTROL FINANCIERO;POR_DEFINIR;0;4. BACKLOG;0. BAJO;3
PLANEAMIENTO Y FINANZAS;PLANEAMIENTO Y CONTROL FINANCIERO;POR_DEFINIR;0;4. BACKLOG;1. MEDIO;9
PLANEAMIENTO Y FINANZAS;PLANEAMIENTO Y CONTROL FINANCIERO;POR_DEFINIR;0;4. BACKLOG;2. ALTO;13
PLANEAMIENTO Y FINANZAS;PLANEAMIENTO Y CONTROL FINANCIERO;POR_DEFINIR;0;5. OBSOLETO;0. BAJO;0
PLANEAMIENTO Y FINANZAS;PLANEAMIENTO Y CONTROL FINANCIERO;POR_DEFINIR;0;5. OBSOLETO;1. MEDIO;0
PLANEAMIENTO Y FINANZAS;PLANEAMIENTO Y CONTROL FINANCIERO;POR_DEFINIR;0;5. OBSOLETO;2. ALTO;0
PLANEAMIENTO Y FINANZAS;PLANEAMIENTO Y CONTROL FINANCIERO;POR_DEFINIR;0;6. IRÁ A APLICATIVO;0. BAJO;0
PLANEAMIENTO Y FINANZAS;PLANEAMIENTO Y CONTROL FINANCIERO;POR_DEFINIR;0;6. IRÁ A APLICATIVO;1. MEDIO;0
PLANEAMIENTO Y FINANZAS;PLANEAMIENTO Y CONTROL FINANCIERO;POR_DEFINIR;0;6. IRÁ A APLICATIVO;2. ALTO;0
PLANEAMIENTO Y FINANZAS;PRICING;POR_DEFINIR;0;1. IMPLEMENTADO;0. BAJO;0
PLANEAMIENTO Y FINANZAS;PRICING;POR_DEFINIR;0;1. IMPLEMENTADO;1. MEDIO;0
PLANEAMIENTO Y FINANZAS;PRICING;POR_DEFINIR;0;1. IMPLEMENTADO;2. ALTO;1
PLANEAMIENTO Y FINANZAS;PRICING;POR_DEFINIR;0;2. EN PROCESO;0. BAJO;0
PLANEAMIENTO Y FINANZAS;PRICING;POR_DEFINIR;0;2. EN PROCESO;1. MEDIO;0
PLANEAMIENTO Y FINANZAS;PRICING;POR_DEFINIR;0;2. EN PROCESO;2. ALTO;0
PLANEAMIENTO Y FINANZAS;PRICING;POR_DEFINIR;0;4. BACKLOG;0. BAJO;7
PLANEAMIENTO Y FINANZAS;PRICING;POR_DEFINIR;0;4. BACKLOG;1. MEDIO;32
PLANEAMIENTO Y FINANZAS;PRICING;POR_DEFINIR;0;4. BACKLOG;2. ALTO;8
PLANEAMIENTO Y FINANZAS;PRICING;POR_DEFINIR;0;5. OBSOLETO;0. BAJO;0
PLANEAMIENTO Y FINANZAS;PRICING;POR_DEFINIR;0;5. OBSOLETO;1. MEDIO;0
PLANEAMIENTO Y FINANZAS;PRICING;POR_DEFINIR;0;5. OBSOLETO;2. ALTO;0
PLANEAMIENTO Y FINANZAS;PRICING;POR_DEFINIR;0;6. IRÁ A APLICATIVO;0. BAJO;0
PLANEAMIENTO Y FINANZAS;PRICING;POR_DEFINIR;0;6. IRÁ A APLICATIVO;1. MEDIO;0
PLANEAMIENTO Y FINANZAS;PRICING;POR_DEFINIR;0;6. IRÁ A APLICATIVO;2. ALTO;0
PLANEAMIENTO Y FINANZAS;TESORERIA;POR_DEFINIR;0;1. IMPLEMENTADO;0. BAJO;0
PLANEAMIENTO Y FINANZAS;TESORERIA;POR_DEFINIR;0;1. IMPLEMENTADO;1. MEDIO;0
PLANEAMIENTO Y FINANZAS;TESORERIA;POR_DEFINIR;0;1. IMPLEMENTADO;2. ALTO;0
PLANEAMIENTO Y FINANZAS;TESORERIA;POR_DEFINIR;0;2. EN PROCESO;0. BAJO;0
PLANEAMIENTO Y FINANZAS;TESORERIA;POR_DEFINIR;0;2. EN PROCESO;1. MEDIO;0
PLANEAMIENTO Y FINANZAS;TESORERIA;POR_DEFINIR;0;2. EN PROCESO;2. ALTO;0
PLANEAMIENTO Y FINANZAS;TESORERIA;POR_DEFINIR;0;4. BACKLOG;0. BAJO;3
PLANEAMIENTO Y FINANZAS;TESORERIA;POR_DEFINIR;0;4. BACKLOG;1. MEDIO;41
PLANEAMIENTO Y FINANZAS;TESORERIA;POR_DEFINIR;0;4. BACKLOG;2. ALTO;17
PLANEAMIENTO Y FINANZAS;TESORERIA;POR_DEFINIR;0;5. OBSOLETO;0. BAJO;0
PLANEAMIENTO Y FINANZAS;TESORERIA;POR_DEFINIR;0;5. OBSOLETO;1. MEDIO;0
PLANEAMIENTO Y FINANZAS;TESORERIA;POR_DEFINIR;0;5. OBSOLETO;2. ALTO;0
PLANEAMIENTO Y FINANZAS;TESORERIA;POR_DEFINIR;0;6. IRÁ A APLICATIVO;0. BAJO;0
PLANEAMIENTO Y FINANZAS;TESORERIA;POR_DEFINIR;0;6. IRÁ A APLICATIVO;1. MEDIO;0
PLANEAMIENTO Y FINANZAS;TESORERIA;POR_DEFINIR;0;6. IRÁ A APLICATIVO;2. ALTO;0
RIESGOS;ADR;POR_DEFINIR;0;1. IMPLEMENTADO;0. BAJO;0
RIESGOS;ADR;POR_DEFINIR;0;2. EN PROCESO;0. BAJO;0
RIESGOS;ADR;POR_DEFINIR;0;4. BACKLOG;0. BAJO;5
RIESGOS;ADR;POR_DEFINIR;0;5. OBSOLETO;0. BAJO;0
RIESGOS;ADR;POR_DEFINIR;0;6. IRÁ A APLICATIVO;0. BAJO;0
RIESGOS;ADR - GGR;POR_DEFINIR;0;1. IMPLEMENTADO;1. MEDIO;0
RIESGOS;ADR - GGR;POR_DEFINIR;0;1. IMPLEMENTADO;2. ALTO;0
RIESGOS;ADR - GGR;POR_DEFINIR;0;2. EN PROCESO;1. MEDIO;0
RIESGOS;ADR - GGR;POR_DEFINIR;0;2. EN PROCESO;2. ALTO;0
RIESGOS;ADR - GGR;POR_DEFINIR;0;4. BACKLOG;1. MEDIO;2
RIESGOS;ADR - GGR;POR_DEFINIR;0;4. BACKLOG;2. ALTO;7
RIESGOS;ADR - GGR;POR_DEFINIR;0;5. OBSOLETO;1. MEDIO;0
RIESGOS;ADR - GGR;POR_DEFINIR;0;5. OBSOLETO;2. ALTO;0
RIESGOS;ADR - GGR;POR_DEFINIR;0;6. IRÁ A APLICATIVO;1. MEDIO;0
RIESGOS;ADR - GGR;POR_DEFINIR;0;6. IRÁ A APLICATIVO;2. ALTO;0
RIESGOS;ADR - MMGR;BASE SEGUIMIENTO;2;1. IMPLEMENTADO;0. BAJO;0
RIESGOS;ADR - MMGR;BASE SEGUIMIENTO;2;1. IMPLEMENTADO;1. MEDIO;0
RIESGOS;ADR - MMGR;BASE SEGUIMIENTO;2;1. IMPLEMENTADO;2. ALTO;0
RIESGOS;ADR - MMGR;BASE SEGUIMIENTO;2;2. EN PROCESO;0. BAJO;0
RIESGOS;ADR - MMGR;BASE SEGUIMIENTO;2;2. EN PROCESO;1. MEDIO;0
RIESGOS;ADR - MMGR;BASE SEGUIMIENTO;2;2. EN PROCESO;2. ALTO;0
RIESGOS;ADR - MMGR;BASE SEGUIMIENTO;2;4. BACKLOG;0. BAJO;1
RIESGOS;ADR - MMGR;BASE SEGUIMIENTO;2;4. BACKLOG;1. MEDIO;10
RIESGOS;ADR - MMGR;BASE SEGUIMIENTO;2;4. BACKLOG;2. ALTO;1
RIESGOS;ADR - MMGR;BASE SEGUIMIENTO;2;5. OBSOLETO;0. BAJO;0
RIESGOS;ADR - MMGR;BASE SEGUIMIENTO;2;5. OBSOLETO;1. MEDIO;0
RIESGOS;ADR - MMGR;BASE SEGUIMIENTO;2;5. OBSOLETO;2. ALTO;0
RIESGOS;ADR - MMGR;BASE SEGUIMIENTO;2;6. IRÁ A APLICATIVO;0. BAJO;0
RIESGOS;ADR - MMGR;BASE SEGUIMIENTO;2;6. IRÁ A APLICATIVO;1. MEDIO;0
RIESGOS;ADR - MMGR;BASE SEGUIMIENTO;2;6. IRÁ A APLICATIVO;2. ALTO;0
RIESGOS;ADR - MMGR;GESTION DE INFORMACION;3;1. IMPLEMENTADO;2. ALTO;0
RIESGOS;ADR - MMGR;GESTION DE INFORMACION;3;2. EN PROCESO;2. ALTO;0
RIESGOS;ADR - MMGR;GESTION DE INFORMACION;3;4. BACKLOG;2. ALTO;1
RIESGOS;ADR - MMGR;GESTION DE INFORMACION;3;5. OBSOLETO;2. ALTO;0
RIESGOS;ADR - MMGR;GESTION DE INFORMACION;3;6. IRÁ A APLICATIVO;2. ALTO;0
RIESGOS;ADR - MMGR;GESTION INFORMACION;1;1. IMPLEMENTADO;0. BAJO;0
RIESGOS;ADR - MMGR;GESTION INFORMACION;1;2. EN PROCESO;0. BAJO;0
RIESGOS;ADR - MMGR;GESTION INFORMACION;1;4. BACKLOG;0. BAJO;2
RIESGOS;ADR - MMGR;GESTION INFORMACION;1;5. OBSOLETO;0. BAJO;0
RIESGOS;ADR - MMGR;GESTION INFORMACION;1;6. IRÁ A APLICATIVO;0. BAJO;0
RIESGOS;ADR - MMGR;GESTION INFORMACION;2;1. IMPLEMENTADO;0. BAJO;0
RIESGOS;ADR - MMGR;GESTION INFORMACION;2;2. EN PROCESO;0. BAJO;0
RIESGOS;ADR - MMGR;GESTION INFORMACION;2;4. BACKLOG;0. BAJO;1
RIESGOS;ADR - MMGR;GESTION INFORMACION;2;5. OBSOLETO;0. BAJO;0
RIESGOS;ADR - MMGR;GESTION INFORMACION;2;6. IRÁ A APLICATIVO;0. BAJO;0
RIESGOS;ADR - MMGR;GESTION INFORMACION;3;1. IMPLEMENTADO;0. BAJO;0
RIESGOS;ADR - MMGR;GESTION INFORMACION;3;2. EN PROCESO;0. BAJO;0
RIESGOS;ADR - MMGR;GESTION INFORMACION;3;4. BACKLOG;0. BAJO;1
RIESGOS;ADR - MMGR;GESTION INFORMACION;3;5. OBSOLETO;0. BAJO;0
RIESGOS;ADR - MMGR;GESTION INFORMACION;3;6. IRÁ A APLICATIVO;0. BAJO;0
RIESGOS;ADR - MMGR;POR_DEFINIR;0;1. IMPLEMENTADO;0. BAJO;0
RIESGOS;ADR - MMGR;POR_DEFINIR;0;1. IMPLEMENTADO;1. MEDIO;0
RIESGOS;ADR - MMGR;POR_DEFINIR;0;1. IMPLEMENTADO;2. ALTO;3
RIESGOS;ADR - MMGR;POR_DEFINIR;0;2. EN PROCESO;0. BAJO;0
RIESGOS;ADR - MMGR;POR_DEFINIR;0;2. EN PROCESO;1. MEDIO;0
RIESGOS;ADR - MMGR;POR_DEFINIR;0;2. EN PROCESO;2. ALTO;0
RIESGOS;ADR - MMGR;POR_DEFINIR;0;4. BACKLOG;0. BAJO;6
RIESGOS;ADR - MMGR;POR_DEFINIR;0;4. BACKLOG;1. MEDIO;49
RIESGOS;ADR - MMGR;POR_DEFINIR;0;4. BACKLOG;2. ALTO;41
RIESGOS;ADR - MMGR;POR_DEFINIR;0;5. OBSOLETO;0. BAJO;0
RIESGOS;ADR - MMGR;POR_DEFINIR;0;5. OBSOLETO;1. MEDIO;0
RIESGOS;ADR - MMGR;POR_DEFINIR;0;5. OBSOLETO;2. ALTO;0
RIESGOS;ADR - MMGR;POR_DEFINIR;0;6. IRÁ A APLICATIVO;0. BAJO;0
RIESGOS;ADR - MMGR;POR_DEFINIR;0;6. IRÁ A APLICATIVO;1. MEDIO;0
RIESGOS;ADR - MMGR;POR_DEFINIR;0;6. IRÁ A APLICATIVO;2. ALTO;0
RIESGOS;ADR - MMGR;POR_DEFINIR;2;1. IMPLEMENTADO;0. BAJO;0
RIESGOS;ADR - MMGR;POR_DEFINIR;2;1. IMPLEMENTADO;1. MEDIO;0
RIESGOS;ADR - MMGR;POR_DEFINIR;2;1. IMPLEMENTADO;2. ALTO;0
RIESGOS;ADR - MMGR;POR_DEFINIR;2;2. EN PROCESO;0. BAJO;0
RIESGOS;ADR - MMGR;POR_DEFINIR;2;2. EN PROCESO;1. MEDIO;0
RIESGOS;ADR - MMGR;POR_DEFINIR;2;2. EN PROCESO;2. ALTO;0
RIESGOS;ADR - MMGR;POR_DEFINIR;2;4. BACKLOG;0. BAJO;2
RIESGOS;ADR - MMGR;POR_DEFINIR;2;4. BACKLOG;1. MEDIO;5
RIESGOS;ADR - MMGR;POR_DEFINIR;2;4. BACKLOG;2. ALTO;6
RIESGOS;ADR - MMGR;POR_DEFINIR;2;5. OBSOLETO;0. BAJO;0
RIESGOS;ADR - MMGR;POR_DEFINIR;2;5. OBSOLETO;1. MEDIO;0
RIESGOS;ADR - MMGR;POR_DEFINIR;2;5. OBSOLETO;2. ALTO;0
RIESGOS;ADR - MMGR;POR_DEFINIR;2;6. IRÁ A APLICATIVO;0. BAJO;0
RIESGOS;ADR - MMGR;POR_DEFINIR;2;6. IRÁ A APLICATIVO;1. MEDIO;0
RIESGOS;ADR - MMGR;POR_DEFINIR;2;6. IRÁ A APLICATIVO;2. ALTO;0
RIESGOS;ADR - MMGR;POR_DEFINIR;3;1. IMPLEMENTADO;0. BAJO;0
RIESGOS;ADR - MMGR;POR_DEFINIR;3;1. IMPLEMENTADO;1. MEDIO;0
RIESGOS;ADR - MMGR;POR_DEFINIR;3;1. IMPLEMENTADO;2. ALTO;50
RIESGOS;ADR - MMGR;POR_DEFINIR;3;2. EN PROCESO;0. BAJO;0
RIESGOS;ADR - MMGR;POR_DEFINIR;3;2. EN PROCESO;1. MEDIO;2
RIESGOS;ADR - MMGR;POR_DEFINIR;3;2. EN PROCESO;2. ALTO;2
RIESGOS;ADR - MMGR;POR_DEFINIR;3;4. BACKLOG;0. BAJO;2
RIESGOS;ADR - MMGR;POR_DEFINIR;3;4. BACKLOG;1. MEDIO;7
RIESGOS;ADR - MMGR;POR_DEFINIR;3;4. BACKLOG;2. ALTO;10
RIESGOS;ADR - MMGR;POR_DEFINIR;3;5. OBSOLETO;0. BAJO;0
RIESGOS;ADR - MMGR;POR_DEFINIR;3;5. OBSOLETO;1. MEDIO;0
RIESGOS;ADR - MMGR;POR_DEFINIR;3;5. OBSOLETO;2. ALTO;0
RIESGOS;ADR - MMGR;POR_DEFINIR;3;6. IRÁ A APLICATIVO;0. BAJO;0
RIESGOS;ADR - MMGR;POR_DEFINIR;3;6. IRÁ A APLICATIVO;1. MEDIO;0
RIESGOS;ADR - MMGR;POR_DEFINIR;3;6. IRÁ A APLICATIVO;2. ALTO;0
RIESGOS;ADR - MMGR;SCORES - BASES PRODUCTIVAS;2;1. IMPLEMENTADO;0. BAJO;0
RIESGOS;ADR - MMGR;SCORES - BASES PRODUCTIVAS;2;1. IMPLEMENTADO;1. MEDIO;0
RIESGOS;ADR - MMGR;SCORES - BASES PRODUCTIVAS;2;1. IMPLEMENTADO;2. ALTO;0
RIESGOS;ADR - MMGR;SCORES - BASES PRODUCTIVAS;2;2. EN PROCESO;0. BAJO;0
RIESGOS;ADR - MMGR;SCORES - BASES PRODUCTIVAS;2;2. EN PROCESO;1. MEDIO;0
RIESGOS;ADR - MMGR;SCORES - BASES PRODUCTIVAS;2;2. EN PROCESO;2. ALTO;0
RIESGOS;ADR - MMGR;SCORES - BASES PRODUCTIVAS;2;4. BACKLOG;0. BAJO;2
RIESGOS;ADR - MMGR;SCORES - BASES PRODUCTIVAS;2;4. BACKLOG;1. MEDIO;1
RIESGOS;ADR - MMGR;SCORES - BASES PRODUCTIVAS;2;4. BACKLOG;2. ALTO;2
RIESGOS;ADR - MMGR;SCORES - BASES PRODUCTIVAS;2;5. OBSOLETO;0. BAJO;0
RIESGOS;ADR - MMGR;SCORES - BASES PRODUCTIVAS;2;5. OBSOLETO;1. MEDIO;0
RIESGOS;ADR - MMGR;SCORES - BASES PRODUCTIVAS;2;5. OBSOLETO;2. ALTO;0
RIESGOS;ADR - MMGR;SCORES - BASES PRODUCTIVAS;2;6. IRÁ A APLICATIVO;0. BAJO;0
RIESGOS;ADR - MMGR;SCORES - BASES PRODUCTIVAS;2;6. IRÁ A APLICATIVO;1. MEDIO;0
RIESGOS;ADR - MMGR;SCORES - BASES PRODUCTIVAS;2;6. IRÁ A APLICATIVO;2. ALTO;0
RIESGOS;ADR - MMGR;SCORES - BASES PRODUCTIVAS;3;1. IMPLEMENTADO;2. ALTO;0
RIESGOS;ADR - MMGR;SCORES - BASES PRODUCTIVAS;3;2. EN PROCESO;2. ALTO;1
RIESGOS;ADR - MMGR;SCORES - BASES PRODUCTIVAS;3;4. BACKLOG;2. ALTO;2
RIESGOS;ADR - MMGR;SCORES - BASES PRODUCTIVAS;3;5. OBSOLETO;2. ALTO;0
RIESGOS;ADR - MMGR;SCORES - BASES PRODUCTIVAS;3;6. IRÁ A APLICATIVO;2. ALTO;0
RIESGOS;ADR - R. DE CREDITO;POR_DEFINIR;0;1. IMPLEMENTADO;0. BAJO;0
RIESGOS;ADR - R. DE CREDITO;POR_DEFINIR;0;1. IMPLEMENTADO;1. MEDIO;0
RIESGOS;ADR - R. DE CREDITO;POR_DEFINIR;0;1. IMPLEMENTADO;2. ALTO;1
RIESGOS;ADR - R. DE CREDITO;POR_DEFINIR;0;2. EN PROCESO;0. BAJO;0
RIESGOS;ADR - R. DE CREDITO;POR_DEFINIR;0;2. EN PROCESO;1. MEDIO;0
RIESGOS;ADR - R. DE CREDITO;POR_DEFINIR;0;2. EN PROCESO;2. ALTO;0
RIESGOS;ADR - R. DE CREDITO;POR_DEFINIR;0;4. BACKLOG;0. BAJO;4
RIESGOS;ADR - R. DE CREDITO;POR_DEFINIR;0;4. BACKLOG;1. MEDIO;6
RIESGOS;ADR - R. DE CREDITO;POR_DEFINIR;0;4. BACKLOG;2. ALTO;7
RIESGOS;ADR - R. DE CREDITO;POR_DEFINIR;0;5. OBSOLETO;0. BAJO;0
RIESGOS;ADR - R. DE CREDITO;POR_DEFINIR;0;5. OBSOLETO;1. MEDIO;0
RIESGOS;ADR - R. DE CREDITO;POR_DEFINIR;0;5. OBSOLETO;2. ALTO;0
RIESGOS;ADR - R. DE CREDITO;POR_DEFINIR;0;6. IRÁ A APLICATIVO;0. BAJO;0
RIESGOS;ADR - R. DE CREDITO;POR_DEFINIR;0;6. IRÁ A APLICATIVO;1. MEDIO;0
RIESGOS;ADR - R. DE CREDITO;POR_DEFINIR;0;6. IRÁ A APLICATIVO;2. ALTO;0
RIESGOS;ADR - R. DE MERCADO;POR_DEFINIR;0;1. IMPLEMENTADO;0. BAJO;0
RIESGOS;ADR - R. DE MERCADO;POR_DEFINIR;0;1. IMPLEMENTADO;2. ALTO;0
RIESGOS;ADR - R. DE MERCADO;POR_DEFINIR;0;2. EN PROCESO;0. BAJO;0
RIESGOS;ADR - R. DE MERCADO;POR_DEFINIR;0;2. EN PROCESO;2. ALTO;0
RIESGOS;ADR - R. DE MERCADO;POR_DEFINIR;0;4. BACKLOG;0. BAJO;3
RIESGOS;ADR - R. DE MERCADO;POR_DEFINIR;0;4. BACKLOG;2. ALTO;1
RIESGOS;ADR - R. DE MERCADO;POR_DEFINIR;0;5. OBSOLETO;0. BAJO;0
RIESGOS;ADR - R. DE MERCADO;POR_DEFINIR;0;5. OBSOLETO;2. ALTO;0
RIESGOS;ADR - R. DE MERCADO;POR_DEFINIR;0;6. IRÁ A APLICATIVO;0. BAJO;0
RIESGOS;ADR - R. DE MERCADO;POR_DEFINIR;0;6. IRÁ A APLICATIVO;2. ALTO;0
RIESGOS;ADR - VI;POR_DEFINIR;0;1. IMPLEMENTADO;2. ALTO;0
RIESGOS;ADR - VI;POR_DEFINIR;0;2. EN PROCESO;2. ALTO;0
RIESGOS;ADR - VI;POR_DEFINIR;0;4. BACKLOG;2. ALTO;3
RIESGOS;ADR - VI;POR_DEFINIR;0;5. OBSOLETO;2. ALTO;0
RIESGOS;ADR - VI;POR_DEFINIR;0;6. IRÁ A APLICATIVO;2. ALTO;0
RIESGOS;CONTROL TOWER;GESTION INFORMACION;1;1. IMPLEMENTADO;1. MEDIO;0
RIESGOS;CONTROL TOWER;GESTION INFORMACION;1;1. IMPLEMENTADO;2. ALTO;0
RIESGOS;CONTROL TOWER;GESTION INFORMACION;1;2. EN PROCESO;1. MEDIO;0
RIESGOS;CONTROL TOWER;GESTION INFORMACION;1;2. EN PROCESO;2. ALTO;0
RIESGOS;CONTROL TOWER;GESTION INFORMACION;1;4. BACKLOG;1. MEDIO;1
RIESGOS;CONTROL TOWER;GESTION INFORMACION;1;4. BACKLOG;2. ALTO;2
RIESGOS;CONTROL TOWER;GESTION INFORMACION;1;5. OBSOLETO;1. MEDIO;0
RIESGOS;CONTROL TOWER;GESTION INFORMACION;1;5. OBSOLETO;2. ALTO;0
RIESGOS;CONTROL TOWER;GESTION INFORMACION;1;6. IRÁ A APLICATIVO;1. MEDIO;0
RIESGOS;CONTROL TOWER;GESTION INFORMACION;1;6. IRÁ A APLICATIVO;2. ALTO;0
RIESGOS;CONTROL TOWER;POR_DEFINIR;1;1. IMPLEMENTADO;0. BAJO;0
RIESGOS;CONTROL TOWER;POR_DEFINIR;1;1. IMPLEMENTADO;1. MEDIO;0
RIESGOS;CONTROL TOWER;POR_DEFINIR;1;1. IMPLEMENTADO;2. ALTO;0
RIESGOS;CONTROL TOWER;POR_DEFINIR;1;2. EN PROCESO;0. BAJO;0
RIESGOS;CONTROL TOWER;POR_DEFINIR;1;2. EN PROCESO;1. MEDIO;0
RIESGOS;CONTROL TOWER;POR_DEFINIR;1;2. EN PROCESO;2. ALTO;0
RIESGOS;CONTROL TOWER;POR_DEFINIR;1;4. BACKLOG;0. BAJO;7
RIESGOS;CONTROL TOWER;POR_DEFINIR;1;4. BACKLOG;1. MEDIO;55
RIESGOS;CONTROL TOWER;POR_DEFINIR;1;4. BACKLOG;2. ALTO;9
RIESGOS;CONTROL TOWER;POR_DEFINIR;1;5. OBSOLETO;0. BAJO;0
RIESGOS;CONTROL TOWER;POR_DEFINIR;1;5. OBSOLETO;1. MEDIO;0
RIESGOS;CONTROL TOWER;POR_DEFINIR;1;5. OBSOLETO;2. ALTO;0
RIESGOS;CONTROL TOWER;POR_DEFINIR;1;6. IRÁ A APLICATIVO;0. BAJO;0
RIESGOS;CONTROL TOWER;POR_DEFINIR;1;6. IRÁ A APLICATIVO;1. MEDIO;0
RIESGOS;CONTROL TOWER;POR_DEFINIR;1;6. IRÁ A APLICATIVO;2. ALTO;2
RIESGOS;DIV CRÉDITOS;POR_DEFINIR;0;1. IMPLEMENTADO;0. BAJO;0
RIESGOS;DIV CRÉDITOS;POR_DEFINIR;0;1. IMPLEMENTADO;1. MEDIO;0
RIESGOS;DIV CRÉDITOS;POR_DEFINIR;0;1. IMPLEMENTADO;2. ALTO;0
RIESGOS;DIV CRÉDITOS;POR_DEFINIR;0;2. EN PROCESO;0. BAJO;0
RIESGOS;DIV CRÉDITOS;POR_DEFINIR;0;2. EN PROCESO;1. MEDIO;0
RIESGOS;DIV CRÉDITOS;POR_DEFINIR;0;2. EN PROCESO;2. ALTO;0
RIESGOS;DIV CRÉDITOS;POR_DEFINIR;0;4. BACKLOG;0. BAJO;2
RIESGOS;DIV CRÉDITOS;POR_DEFINIR;0;4. BACKLOG;1. MEDIO;11
RIESGOS;DIV CRÉDITOS;POR_DEFINIR;0;4. BACKLOG;2. ALTO;16
RIESGOS;DIV CRÉDITOS;POR_DEFINIR;0;5. OBSOLETO;0. BAJO;0
RIESGOS;DIV CRÉDITOS;POR_DEFINIR;0;5. OBSOLETO;1. MEDIO;0
RIESGOS;DIV CRÉDITOS;POR_DEFINIR;0;5. OBSOLETO;2. ALTO;0
RIESGOS;DIV CRÉDITOS;POR_DEFINIR;0;6. IRÁ A APLICATIVO;0. BAJO;0
RIESGOS;DIV CRÉDITOS;POR_DEFINIR;0;6. IRÁ A APLICATIVO;1. MEDIO;0
RIESGOS;DIV CRÉDITOS;POR_DEFINIR;0;6. IRÁ A APLICATIVO;2. ALTO;0
RIESGOS;RIESGO BCA MAYORISTA;SCORES - BASES BHV;1;1. IMPLEMENTADO;1. MEDIO;0
RIESGOS;RIESGO BCA MAYORISTA;SCORES - BASES BHV;1;2. EN PROCESO;1. MEDIO;0
RIESGOS;RIESGO BCA MAYORISTA;SCORES - BASES BHV;1;4. BACKLOG;1. MEDIO;1
RIESGOS;RIESGO BCA MAYORISTA;SCORES - BASES BHV;1;5. OBSOLETO;1. MEDIO;0
RIESGOS;RIESGO BCA MAYORISTA;SCORES - BASES BHV;1;6. IRÁ A APLICATIVO;1. MEDIO;0
RIESGOS;RIESGOS DE TESORERIA;POR_DEFINIR;0;1. IMPLEMENTADO;1. MEDIO;0
RIESGOS;RIESGOS DE TESORERIA;POR_DEFINIR;0;2. EN PROCESO;1. MEDIO;0
RIESGOS;RIESGOS DE TESORERIA;POR_DEFINIR;0;4. BACKLOG;1. MEDIO;0
RIESGOS;RIESGOS DE TESORERIA;POR_DEFINIR;0;5. OBSOLETO;1. MEDIO;1
RIESGOS;RIESGOS DE TESORERIA;POR_DEFINIR;0;6. IRÁ A APLICATIVO;1. MEDIO;0
RIESGOS;SEGURIDAD CORPORATIVA;POR_DEFINIR;0;1. IMPLEMENTADO;1. MEDIO;0
RIESGOS;SEGURIDAD CORPORATIVA;POR_DEFINIR;0;1. IMPLEMENTADO;2. ALTO;0
RIESGOS;SEGURIDAD CORPORATIVA;POR_DEFINIR;0;2. EN PROCESO;1. MEDIO;0
RIESGOS;SEGURIDAD CORPORATIVA;POR_DEFINIR;0;2. EN PROCESO;2. ALTO;0
RIESGOS;SEGURIDAD CORPORATIVA;POR_DEFINIR;0;4. BACKLOG;1. MEDIO;16
RIESGOS;SEGURIDAD CORPORATIVA;POR_DEFINIR;0;4. BACKLOG;2. ALTO;17
RIESGOS;SEGURIDAD CORPORATIVA;POR_DEFINIR;0;5. OBSOLETO;1. MEDIO;0
RIESGOS;SEGURIDAD CORPORATIVA;POR_DEFINIR;0;5. OBSOLETO;2. ALTO;0
RIESGOS;SEGURIDAD CORPORATIVA;POR_DEFINIR;0;6. IRÁ A APLICATIVO;1. MEDIO;0
RIESGOS;SEGURIDAD CORPORATIVA;POR_DEFINIR;0;6. IRÁ A APLICATIVO;2. ALTO;0
RIESGOS;SOLUCIONES DE PAGO;POR_DEFINIR;0;1. IMPLEMENTADO;0. BAJO;0
RIESGOS;SOLUCIONES DE PAGO;POR_DEFINIR;0;1. IMPLEMENTADO;1. MEDIO;0
RIESGOS;SOLUCIONES DE PAGO;POR_DEFINIR;0;1. IMPLEMENTADO;2. ALTO;0
RIESGOS;SOLUCIONES DE PAGO;POR_DEFINIR;0;2. EN PROCESO;0. BAJO;0
RIESGOS;SOLUCIONES DE PAGO;POR_DEFINIR;0;2. EN PROCESO;1. MEDIO;0
RIESGOS;SOLUCIONES DE PAGO;POR_DEFINIR;0;2. EN PROCESO;2. ALTO;0
RIESGOS;SOLUCIONES DE PAGO;POR_DEFINIR;0;4. BACKLOG;0. BAJO;49
RIESGOS;SOLUCIONES DE PAGO;POR_DEFINIR;0;4. BACKLOG;1. MEDIO;25
RIESGOS;SOLUCIONES DE PAGO;POR_DEFINIR;0;4. BACKLOG;2. ALTO;25
RIESGOS;SOLUCIONES DE PAGO;POR_DEFINIR;0;5. OBSOLETO;0. BAJO;0
RIESGOS;SOLUCIONES DE PAGO;POR_DEFINIR;0;5. OBSOLETO;1. MEDIO;0
RIESGOS;SOLUCIONES DE PAGO;POR_DEFINIR;0;5. OBSOLETO;2. ALTO;0
RIESGOS;SOLUCIONES DE PAGO;POR_DEFINIR;0;6. IRÁ A APLICATIVO;0. BAJO;0
RIESGOS;SOLUCIONES DE PAGO;POR_DEFINIR;0;6. IRÁ A APLICATIVO;1. MEDIO;0
RIESGOS;SOLUCIONES DE PAGO;POR_DEFINIR;0;6. IRÁ A APLICATIVO;2. ALTO;0
RIESGOS;TECNOLOGÍA PARA RIESGOS;POR_DEFINIR;0;1. IMPLEMENTADO;0. BAJO;0
RIESGOS;TECNOLOGÍA PARA RIESGOS;POR_DEFINIR;0;2. EN PROCESO;0. BAJO;0
RIESGOS;TECNOLOGÍA PARA RIESGOS;POR_DEFINIR;0;4. BACKLOG;0. BAJO;1
RIESGOS;TECNOLOGÍA PARA RIESGOS;POR_DEFINIR;0;5. OBSOLETO;0. BAJO;0
RIESGOS;TECNOLOGÍA PARA RIESGOS;POR_DEFINIR;0;6. IRÁ A APLICATIVO;0. BAJO;0
RIESGOS;TRIBU RIESGOS BDN;BASE SEGUIMIENTO;6;1. IMPLEMENTADO;2. ALTO;1
RIESGOS;TRIBU RIESGOS BDN;BASE SEGUIMIENTO;6;2. EN PROCESO;2. ALTO;0
RIESGOS;TRIBU RIESGOS BDN;BASE SEGUIMIENTO;6;4. BACKLOG;2. ALTO;0
RIESGOS;TRIBU RIESGOS BDN;BASE SEGUIMIENTO;6;5. OBSOLETO;2. ALTO;0
RIESGOS;TRIBU RIESGOS BDN;BASE SEGUIMIENTO;6;6. IRÁ A APLICATIVO;2. ALTO;0
RIESGOS;TRIBU RIESGOS BDN;Deprecado;6;1. IMPLEMENTADO;0. BAJO;0
RIESGOS;TRIBU RIESGOS BDN;Deprecado;6;1. IMPLEMENTADO;2. ALTO;1
RIESGOS;TRIBU RIESGOS BDN;Deprecado;6;2. EN PROCESO;0. BAJO;0
RIESGOS;TRIBU RIESGOS BDN;Deprecado;6;2. EN PROCESO;2. ALTO;0
RIESGOS;TRIBU RIESGOS BDN;Deprecado;6;4. BACKLOG;0. BAJO;1
RIESGOS;TRIBU RIESGOS BDN;Deprecado;6;4. BACKLOG;2. ALTO;0
RIESGOS;TRIBU RIESGOS BDN;Deprecado;6;5. OBSOLETO;0. BAJO;2
RIESGOS;TRIBU RIESGOS BDN;Deprecado;6;5. OBSOLETO;2. ALTO;0
RIESGOS;TRIBU RIESGOS BDN;Deprecado;6;6. IRÁ A APLICATIVO;0. BAJO;0
RIESGOS;TRIBU RIESGOS BDN;Deprecado;6;6. IRÁ A APLICATIVO;2. ALTO;0
RIESGOS;TRIBU RIESGOS BDN;GESTION DE INFORMACION;6;1. IMPLEMENTADO;0. BAJO;0
RIESGOS;TRIBU RIESGOS BDN;GESTION DE INFORMACION;6;1. IMPLEMENTADO;1. MEDIO;0
RIESGOS;TRIBU RIESGOS BDN;GESTION DE INFORMACION;6;1. IMPLEMENTADO;2. ALTO;8
RIESGOS;TRIBU RIESGOS BDN;GESTION DE INFORMACION;6;2. EN PROCESO;0. BAJO;0
RIESGOS;TRIBU RIESGOS BDN;GESTION DE INFORMACION;6;2. EN PROCESO;1. MEDIO;0
RIESGOS;TRIBU RIESGOS BDN;GESTION DE INFORMACION;6;2. EN PROCESO;2. ALTO;0
RIESGOS;TRIBU RIESGOS BDN;GESTION DE INFORMACION;6;4. BACKLOG;0. BAJO;5
RIESGOS;TRIBU RIESGOS BDN;GESTION DE INFORMACION;6;4. BACKLOG;1. MEDIO;8
RIESGOS;TRIBU RIESGOS BDN;GESTION DE INFORMACION;6;4. BACKLOG;2. ALTO;2
RIESGOS;TRIBU RIESGOS BDN;GESTION DE INFORMACION;6;5. OBSOLETO;0. BAJO;0
RIESGOS;TRIBU RIESGOS BDN;GESTION DE INFORMACION;6;5. OBSOLETO;1. MEDIO;0
RIESGOS;TRIBU RIESGOS BDN;GESTION DE INFORMACION;6;5. OBSOLETO;2. ALTO;0
RIESGOS;TRIBU RIESGOS BDN;GESTION DE INFORMACION;6;6. IRÁ A APLICATIVO;0. BAJO;0
RIESGOS;TRIBU RIESGOS BDN;GESTION DE INFORMACION;6;6. IRÁ A APLICATIVO;1. MEDIO;0
RIESGOS;TRIBU RIESGOS BDN;GESTION DE INFORMACION;6;6. IRÁ A APLICATIVO;2. ALTO;0
RIESGOS;TRIBU RIESGOS BDN;POR_DEFINIR;6;1. IMPLEMENTADO;0. BAJO;0
RIESGOS;TRIBU RIESGOS BDN;POR_DEFINIR;6;1. IMPLEMENTADO;1. MEDIO;0
RIESGOS;TRIBU RIESGOS BDN;POR_DEFINIR;6;1. IMPLEMENTADO;2. ALTO;0
RIESGOS;TRIBU RIESGOS BDN;POR_DEFINIR;6;2. EN PROCESO;0. BAJO;0
RIESGOS;TRIBU RIESGOS BDN;POR_DEFINIR;6;2. EN PROCESO;1. MEDIO;0
RIESGOS;TRIBU RIESGOS BDN;POR_DEFINIR;6;2. EN PROCESO;2. ALTO;1
RIESGOS;TRIBU RIESGOS BDN;POR_DEFINIR;6;4. BACKLOG;0. BAJO;1
RIESGOS;TRIBU RIESGOS BDN;POR_DEFINIR;6;4. BACKLOG;1. MEDIO;6
RIESGOS;TRIBU RIESGOS BDN;POR_DEFINIR;6;4. BACKLOG;2. ALTO;21
RIESGOS;TRIBU RIESGOS BDN;POR_DEFINIR;6;5. OBSOLETO;0. BAJO;0
RIESGOS;TRIBU RIESGOS BDN;POR_DEFINIR;6;5. OBSOLETO;1. MEDIO;0
RIESGOS;TRIBU RIESGOS BDN;POR_DEFINIR;6;5. OBSOLETO;2. ALTO;0
RIESGOS;TRIBU RIESGOS BDN;POR_DEFINIR;6;6. IRÁ A APLICATIVO;0. BAJO;0
RIESGOS;TRIBU RIESGOS BDN;POR_DEFINIR;6;6. IRÁ A APLICATIVO;1. MEDIO;0
RIESGOS;TRIBU RIESGOS BDN;POR_DEFINIR;6;6. IRÁ A APLICATIVO;2. ALTO;0
RIESGOS;TRIBU RIESGOS BDN;SCORE BHV;6;1. IMPLEMENTADO;2. ALTO;0
RIESGOS;TRIBU RIESGOS BDN;SCORE BHV;6;2. EN PROCESO;2. ALTO;1
RIESGOS;TRIBU RIESGOS BDN;SCORE BHV;6;4. BACKLOG;2. ALTO;0
RIESGOS;TRIBU RIESGOS BDN;SCORE BHV;6;5. OBSOLETO;2. ALTO;0
RIESGOS;TRIBU RIESGOS BDN;SCORE BHV;6;6. IRÁ A APLICATIVO;2. ALTO;0
RIESGOS;TRIBU RIESGOS BDN;SCORES - BASES PRODUCTIVAS;6;1. IMPLEMENTADO;0. BAJO;0
RIESGOS;TRIBU RIESGOS BDN;SCORES - BASES PRODUCTIVAS;6;1. IMPLEMENTADO;1. MEDIO;0
RIESGOS;TRIBU RIESGOS BDN;SCORES - BASES PRODUCTIVAS;6;1. IMPLEMENTADO;2. ALTO;3
RIESGOS;TRIBU RIESGOS BDN;SCORES - BASES PRODUCTIVAS;6;2. EN PROCESO;0. BAJO;0
RIESGOS;TRIBU RIESGOS BDN;SCORES - BASES PRODUCTIVAS;6;2. EN PROCESO;1. MEDIO;1
RIESGOS;TRIBU RIESGOS BDN;SCORES - BASES PRODUCTIVAS;6;2. EN PROCESO;2. ALTO;2
RIESGOS;TRIBU RIESGOS BDN;SCORES - BASES PRODUCTIVAS;6;4. BACKLOG;0. BAJO;0
RIESGOS;TRIBU RIESGOS BDN;SCORES - BASES PRODUCTIVAS;6;4. BACKLOG;1. MEDIO;0
RIESGOS;TRIBU RIESGOS BDN;SCORES - BASES PRODUCTIVAS;6;4. BACKLOG;2. ALTO;3
RIESGOS;TRIBU RIESGOS BDN;SCORES - BASES PRODUCTIVAS;6;5. OBSOLETO;0. BAJO;0
RIESGOS;TRIBU RIESGOS BDN;SCORES - BASES PRODUCTIVAS;6;5. OBSOLETO;1. MEDIO;0
RIESGOS;TRIBU RIESGOS BDN;SCORES - BASES PRODUCTIVAS;6;5. OBSOLETO;2. ALTO;0
RIESGOS;TRIBU RIESGOS BDN;SCORES - BASES PRODUCTIVAS;6;6. IRÁ A APLICATIVO;0. BAJO;0
RIESGOS;TRIBU RIESGOS BDN;SCORES - BASES PRODUCTIVAS;6;6. IRÁ A APLICATIVO;1. MEDIO;0
RIESGOS;TRIBU RIESGOS BDN;SCORES - BASES PRODUCTIVAS;6;6. IRÁ A APLICATIVO;2. ALTO;0
RIESGOS;TRIBU RIESGOS BDN;SEGMENTACION;6;1. IMPLEMENTADO;0. BAJO;0
RIESGOS;TRIBU RIESGOS BDN;SEGMENTACION;6;1. IMPLEMENTADO;1. MEDIO;0
RIESGOS;TRIBU RIESGOS BDN;SEGMENTACION;6;1. IMPLEMENTADO;2. ALTO;1
RIESGOS;TRIBU RIESGOS BDN;SEGMENTACION;6;2. EN PROCESO;0. BAJO;0
RIESGOS;TRIBU RIESGOS BDN;SEGMENTACION;6;2. EN PROCESO;1. MEDIO;0
RIESGOS;TRIBU RIESGOS BDN;SEGMENTACION;6;2. EN PROCESO;2. ALTO;0
RIESGOS;TRIBU RIESGOS BDN;SEGMENTACION;6;4. BACKLOG;0. BAJO;1
RIESGOS;TRIBU RIESGOS BDN;SEGMENTACION;6;4. BACKLOG;1. MEDIO;1
RIESGOS;TRIBU RIESGOS BDN;SEGMENTACION;6;4. BACKLOG;2. ALTO;1
RIESGOS;TRIBU RIESGOS BDN;SEGMENTACION;6;5. OBSOLETO;0. BAJO;0
RIESGOS;TRIBU RIESGOS BDN;SEGMENTACION;6;5. OBSOLETO;1. MEDIO;0
RIESGOS;TRIBU RIESGOS BDN;SEGMENTACION;6;5. OBSOLETO;2. ALTO;0
RIESGOS;TRIBU RIESGOS BDN;SEGMENTACION;6;6. IRÁ A APLICATIVO;0. BAJO;0
RIESGOS;TRIBU RIESGOS BDN;SEGMENTACION;6;6. IRÁ A APLICATIVO;1. MEDIO;0
RIESGOS;TRIBU RIESGOS BDN;SEGMENTACION;6;6. IRÁ A APLICATIVO;2. ALTO;0
RIESGOS;TRIBU RIESGOS PERSONAS;ESTIMADOR;7;1. IMPLEMENTADO;1. MEDIO;0
RIESGOS;TRIBU RIESGOS PERSONAS;ESTIMADOR;7;1. IMPLEMENTADO;2. ALTO;0
RIESGOS;TRIBU RIESGOS PERSONAS;ESTIMADOR;7;2. EN PROCESO;1. MEDIO;0
RIESGOS;TRIBU RIESGOS PERSONAS;ESTIMADOR;7;2. EN PROCESO;2. ALTO;4
RIESGOS;TRIBU RIESGOS PERSONAS;ESTIMADOR;7;4. BACKLOG;1. MEDIO;4
RIESGOS;TRIBU RIESGOS PERSONAS;ESTIMADOR;7;4. BACKLOG;2. ALTO;5
RIESGOS;TRIBU RIESGOS PERSONAS;ESTIMADOR;7;5. OBSOLETO;1. MEDIO;1
RIESGOS;TRIBU RIESGOS PERSONAS;ESTIMADOR;7;5. OBSOLETO;2. ALTO;0
RIESGOS;TRIBU RIESGOS PERSONAS;ESTIMADOR;7;6. IRÁ A APLICATIVO;1. MEDIO;0
RIESGOS;TRIBU RIESGOS PERSONAS;ESTIMADOR;7;6. IRÁ A APLICATIVO;2. ALTO;0
RIESGOS;TRIBU RIESGOS PERSONAS;GESTION INFORMACION;7;1. IMPLEMENTADO;1. MEDIO;0
RIESGOS;TRIBU RIESGOS PERSONAS;GESTION INFORMACION;7;1. IMPLEMENTADO;2. ALTO;0
RIESGOS;TRIBU RIESGOS PERSONAS;GESTION INFORMACION;7;2. EN PROCESO;1. MEDIO;0
RIESGOS;TRIBU RIESGOS PERSONAS;GESTION INFORMACION;7;2. EN PROCESO;2. ALTO;0
RIESGOS;TRIBU RIESGOS PERSONAS;GESTION INFORMACION;7;4. BACKLOG;1. MEDIO;2
RIESGOS;TRIBU RIESGOS PERSONAS;GESTION INFORMACION;7;4. BACKLOG;2. ALTO;1
RIESGOS;TRIBU RIESGOS PERSONAS;GESTION INFORMACION;7;5. OBSOLETO;1. MEDIO;0
RIESGOS;TRIBU RIESGOS PERSONAS;GESTION INFORMACION;7;5. OBSOLETO;2. ALTO;0
RIESGOS;TRIBU RIESGOS PERSONAS;GESTION INFORMACION;7;6. IRÁ A APLICATIVO;1. MEDIO;0
RIESGOS;TRIBU RIESGOS PERSONAS;GESTION INFORMACION;7;6. IRÁ A APLICATIVO;2. ALTO;0
RIESGOS;TRIBU RIESGOS PERSONAS;POR_DEFINIR;7;1. IMPLEMENTADO;0. BAJO;0
RIESGOS;TRIBU RIESGOS PERSONAS;POR_DEFINIR;7;1. IMPLEMENTADO;1. MEDIO;0
RIESGOS;TRIBU RIESGOS PERSONAS;POR_DEFINIR;7;1. IMPLEMENTADO;2. ALTO;1
RIESGOS;TRIBU RIESGOS PERSONAS;POR_DEFINIR;7;2. EN PROCESO;0. BAJO;0
RIESGOS;TRIBU RIESGOS PERSONAS;POR_DEFINIR;7;2. EN PROCESO;1. MEDIO;0
RIESGOS;TRIBU RIESGOS PERSONAS;POR_DEFINIR;7;2. EN PROCESO;2. ALTO;3
RIESGOS;TRIBU RIESGOS PERSONAS;POR_DEFINIR;7;4. BACKLOG;0. BAJO;10
RIESGOS;TRIBU RIESGOS PERSONAS;POR_DEFINIR;7;4. BACKLOG;1. MEDIO;30
RIESGOS;TRIBU RIESGOS PERSONAS;POR_DEFINIR;7;4. BACKLOG;2. ALTO;36
RIESGOS;TRIBU RIESGOS PERSONAS;POR_DEFINIR;7;5. OBSOLETO;0. BAJO;0
RIESGOS;TRIBU RIESGOS PERSONAS;POR_DEFINIR;7;5. OBSOLETO;1. MEDIO;1
RIESGOS;TRIBU RIESGOS PERSONAS;POR_DEFINIR;7;5. OBSOLETO;2. ALTO;0
RIESGOS;TRIBU RIESGOS PERSONAS;POR_DEFINIR;7;6. IRÁ A APLICATIVO;0. BAJO;0
RIESGOS;TRIBU RIESGOS PERSONAS;POR_DEFINIR;7;6. IRÁ A APLICATIVO;1. MEDIO;0
RIESGOS;TRIBU RIESGOS PERSONAS;POR_DEFINIR;7;6. IRÁ A APLICATIVO;2. ALTO;0
RIESGOS;TRIBU RIESGOS PERSONAS;PORTAFOLIO;7;1. IMPLEMENTADO;0. BAJO;0
RIESGOS;TRIBU RIESGOS PERSONAS;PORTAFOLIO;7;1. IMPLEMENTADO;1. MEDIO;0
RIESGOS;TRIBU RIESGOS PERSONAS;PORTAFOLIO;7;2. EN PROCESO;0. BAJO;0
RIESGOS;TRIBU RIESGOS PERSONAS;PORTAFOLIO;7;2. EN PROCESO;1. MEDIO;0
RIESGOS;TRIBU RIESGOS PERSONAS;PORTAFOLIO;7;4. BACKLOG;0. BAJO;2
RIESGOS;TRIBU RIESGOS PERSONAS;PORTAFOLIO;7;4. BACKLOG;1. MEDIO;1
RIESGOS;TRIBU RIESGOS PERSONAS;PORTAFOLIO;7;5. OBSOLETO;0. BAJO;0
RIESGOS;TRIBU RIESGOS PERSONAS;PORTAFOLIO;7;5. OBSOLETO;1. MEDIO;0
RIESGOS;TRIBU RIESGOS PERSONAS;PORTAFOLIO;7;6. IRÁ A APLICATIVO;0. BAJO;0
RIESGOS;TRIBU RIESGOS PERSONAS;PORTAFOLIO;7;6. IRÁ A APLICATIVO;1. MEDIO;0
RIESGOS;TRIBU RIESGOS PERSONAS;SCORES - BASES BHV;7;1. IMPLEMENTADO;1. MEDIO;0
RIESGOS;TRIBU RIESGOS PERSONAS;SCORES - BASES BHV;7;2. EN PROCESO;1. MEDIO;0
RIESGOS;TRIBU RIESGOS PERSONAS;SCORES - BASES BHV;7;4. BACKLOG;1. MEDIO;13
RIESGOS;TRIBU RIESGOS PERSONAS;SCORES - BASES BHV;7;5. OBSOLETO;1. MEDIO;0
RIESGOS;TRIBU RIESGOS PERSONAS;SCORES - BASES BHV;7;6. IRÁ A APLICATIVO;1. MEDIO;0
RIESGOS;TRIBU RIESGOS PERSONAS;SCORES - BASES ESPEJOS;7;1. IMPLEMENTADO;1. MEDIO;0
RIESGOS;TRIBU RIESGOS PERSONAS;SCORES - BASES ESPEJOS;7;1. IMPLEMENTADO;2. ALTO;0
RIESGOS;TRIBU RIESGOS PERSONAS;SCORES - BASES ESPEJOS;7;2. EN PROCESO;1. MEDIO;0
RIESGOS;TRIBU RIESGOS PERSONAS;SCORES - BASES ESPEJOS;7;2. EN PROCESO;2. ALTO;0
RIESGOS;TRIBU RIESGOS PERSONAS;SCORES - BASES ESPEJOS;7;4. BACKLOG;1. MEDIO;4
RIESGOS;TRIBU RIESGOS PERSONAS;SCORES - BASES ESPEJOS;7;4. BACKLOG;2. ALTO;15
RIESGOS;TRIBU RIESGOS PERSONAS;SCORES - BASES ESPEJOS;7;5. OBSOLETO;1. MEDIO;0
RIESGOS;TRIBU RIESGOS PERSONAS;SCORES - BASES ESPEJOS;7;5. OBSOLETO;2. ALTO;0
RIESGOS;TRIBU RIESGOS PERSONAS;SCORES - BASES ESPEJOS;7;6. IRÁ A APLICATIVO;1. MEDIO;0
RIESGOS;TRIBU RIESGOS PERSONAS;SCORES - BASES ESPEJOS;7;6. IRÁ A APLICATIVO;2. ALTO;0
RIESGOS;TRIBU RIESGOS PERSONAS;SCORES - BASES PRODUCTIVAS;7;1. IMPLEMENTADO;0. BAJO;0
RIESGOS;TRIBU RIESGOS PERSONAS;SCORES - BASES PRODUCTIVAS;7;1. IMPLEMENTADO;1. MEDIO;0
RIESGOS;TRIBU RIESGOS PERSONAS;SCORES - BASES PRODUCTIVAS;7;1. IMPLEMENTADO;2. ALTO;3
RIESGOS;TRIBU RIESGOS PERSONAS;SCORES - BASES PRODUCTIVAS;7;2. EN PROCESO;0. BAJO;0
RIESGOS;TRIBU RIESGOS PERSONAS;SCORES - BASES PRODUCTIVAS;7;2. EN PROCESO;1. MEDIO;0
RIESGOS;TRIBU RIESGOS PERSONAS;SCORES - BASES PRODUCTIVAS;7;2. EN PROCESO;2. ALTO;4
RIESGOS;TRIBU RIESGOS PERSONAS;SCORES - BASES PRODUCTIVAS;7;4. BACKLOG;0. BAJO;1
RIESGOS;TRIBU RIESGOS PERSONAS;SCORES - BASES PRODUCTIVAS;7;4. BACKLOG;1. MEDIO;6
RIESGOS;TRIBU RIESGOS PERSONAS;SCORES - BASES PRODUCTIVAS;7;4. BACKLOG;2. ALTO;10
RIESGOS;TRIBU RIESGOS PERSONAS;SCORES - BASES PRODUCTIVAS;7;5. OBSOLETO;0. BAJO;0
RIESGOS;TRIBU RIESGOS PERSONAS;SCORES - BASES PRODUCTIVAS;7;5. OBSOLETO;1. MEDIO;1
RIESGOS;TRIBU RIESGOS PERSONAS;SCORES - BASES PRODUCTIVAS;7;5. OBSOLETO;2. ALTO;0
RIESGOS;TRIBU RIESGOS PERSONAS;SCORES - BASES PRODUCTIVAS;7;6. IRÁ A APLICATIVO;0. BAJO;0
RIESGOS;TRIBU RIESGOS PERSONAS;SCORES - BASES PRODUCTIVAS;7;6. IRÁ A APLICATIVO;1. MEDIO;0
RIESGOS;TRIBU RIESGOS PERSONAS;SCORES - BASES PRODUCTIVAS;7;6. IRÁ A APLICATIVO;2. ALTO;0
RIESGOS;TRIBU RIESGOS PERSONAS;SEGMENTACION;7;1. IMPLEMENTADO;1. MEDIO;0
RIESGOS;TRIBU RIESGOS PERSONAS;SEGMENTACION;7;2. EN PROCESO;1. MEDIO;0
RIESGOS;TRIBU RIESGOS PERSONAS;SEGMENTACION;7;4. BACKLOG;1. MEDIO;1
RIESGOS;TRIBU RIESGOS PERSONAS;SEGMENTACION;7;5. OBSOLETO;1. MEDIO;0
RIESGOS;TRIBU RIESGOS PERSONAS;SEGMENTACION;7;6. IRÁ A APLICATIVO;1. MEDIO;0
RIESGOS;TRIBU RIESGOS PYME;Base consolidada de Ventas Pyme;32;1. IMPLEMENTADO;2. ALTO;0
RIESGOS;TRIBU RIESGOS PYME;Base consolidada de Ventas Pyme;32;2. EN PROCESO;2. ALTO;1
RIESGOS;TRIBU RIESGOS PYME;Base consolidada de Ventas Pyme;32;4. BACKLOG;2. ALTO;0
RIESGOS;TRIBU RIESGOS PYME;Base consolidada de Ventas Pyme;32;5. OBSOLETO;2. ALTO;0
RIESGOS;TRIBU RIESGOS PYME;Base consolidada de Ventas Pyme;32;6. IRÁ A APLICATIVO;2. ALTO;0
RIESGOS;TRIBU RIESGOS PYME;Base espejo - Campaña CEN;32;1. IMPLEMENTADO;2. ALTO;0
RIESGOS;TRIBU RIESGOS PYME;Base espejo - Campaña CEN;32;2. EN PROCESO;2. ALTO;0
RIESGOS;TRIBU RIESGOS PYME;Base espejo - Campaña CEN;32;4. BACKLOG;2. ALTO;1
RIESGOS;TRIBU RIESGOS PYME;Base espejo - Campaña CEN;32;5. OBSOLETO;2. ALTO;0
RIESGOS;TRIBU RIESGOS PYME;Base espejo - Campaña CEN;32;6. IRÁ A APLICATIVO;2. ALTO;0
RIESGOS;TRIBU RIESGOS PYME;Base espejo - Campaña pilotos;32;1. IMPLEMENTADO;2. ALTO;0
RIESGOS;TRIBU RIESGOS PYME;Base espejo - Campaña pilotos;32;2. EN PROCESO;2. ALTO;0
RIESGOS;TRIBU RIESGOS PYME;Base espejo - Campaña pilotos;32;4. BACKLOG;2. ALTO;1
RIESGOS;TRIBU RIESGOS PYME;Base espejo - Campaña pilotos;32;5. OBSOLETO;2. ALTO;0
RIESGOS;TRIBU RIESGOS PYME;Base espejo - Campaña pilotos;32;6. IRÁ A APLICATIVO;2. ALTO;0
RIESGOS;TRIBU RIESGOS PYME;Base espejo - Compra deuda activo fijo;32;1. IMPLEMENTADO;1. MEDIO;0
RIESGOS;TRIBU RIESGOS PYME;Base espejo - Compra deuda activo fijo;32;2. EN PROCESO;1. MEDIO;0
RIESGOS;TRIBU RIESGOS PYME;Base espejo - Compra deuda activo fijo;32;4. BACKLOG;1. MEDIO;1
RIESGOS;TRIBU RIESGOS PYME;Base espejo - Compra deuda activo fijo;32;5. OBSOLETO;1. MEDIO;0
RIESGOS;TRIBU RIESGOS PYME;Base espejo - Compra deuda activo fijo;32;6. IRÁ A APLICATIVO;1. MEDIO;0
RIESGOS;TRIBU RIESGOS PYME;Base espejo - compra deuda capital trabajo;32;1. IMPLEMENTADO;1. MEDIO;0
RIESGOS;TRIBU RIESGOS PYME;Base espejo - compra deuda capital trabajo;32;2. EN PROCESO;1. MEDIO;0
RIESGOS;TRIBU RIESGOS PYME;Base espejo - compra deuda capital trabajo;32;4. BACKLOG;1. MEDIO;1
RIESGOS;TRIBU RIESGOS PYME;Base espejo - compra deuda capital trabajo;32;5. OBSOLETO;1. MEDIO;0
RIESGOS;TRIBU RIESGOS PYME;Base espejo - compra deuda capital trabajo;32;6. IRÁ A APLICATIVO;1. MEDIO;0
RIESGOS;TRIBU RIESGOS PYME;Base espejo modelo de segmentos;32;1. IMPLEMENTADO;1. MEDIO;0
RIESGOS;TRIBU RIESGOS PYME;Base espejo modelo de segmentos;32;2. EN PROCESO;1. MEDIO;0
RIESGOS;TRIBU RIESGOS PYME;Base espejo modelo de segmentos;32;4. BACKLOG;1. MEDIO;1
RIESGOS;TRIBU RIESGOS PYME;Base espejo modelo de segmentos;32;5. OBSOLETO;1. MEDIO;0
RIESGOS;TRIBU RIESGOS PYME;Base espejo modelo de segmentos;32;6. IRÁ A APLICATIVO;1. MEDIO;0
RIESGOS;TRIBU RIESGOS PYME;Estimador de Venta Pyme pasivero c/S RCC;32;1. IMPLEMENTADO;2. ALTO;0
RIESGOS;TRIBU RIESGOS PYME;Estimador de Venta Pyme pasivero c/S RCC;32;2. EN PROCESO;2. ALTO;1
RIESGOS;TRIBU RIESGOS PYME;Estimador de Venta Pyme pasivero c/S RCC;32;4. BACKLOG;2. ALTO;0
RIESGOS;TRIBU RIESGOS PYME;Estimador de Venta Pyme pasivero c/S RCC;32;5. OBSOLETO;2. ALTO;0
RIESGOS;TRIBU RIESGOS PYME;Estimador de Venta Pyme pasivero c/S RCC;32;6. IRÁ A APLICATIVO;2. ALTO;0
RIESGOS;TRIBU RIESGOS PYME;Estimador de Venta Pyme RCC;32;1. IMPLEMENTADO;2. ALTO;0
RIESGOS;TRIBU RIESGOS PYME;Estimador de Venta Pyme RCC;32;2. EN PROCESO;2. ALTO;1
RIESGOS;TRIBU RIESGOS PYME;Estimador de Venta Pyme RCC;32;4. BACKLOG;2. ALTO;0
RIESGOS;TRIBU RIESGOS PYME;Estimador de Venta Pyme RCC;32;5. OBSOLETO;2. ALTO;0
RIESGOS;TRIBU RIESGOS PYME;Estimador de Venta Pyme RCC;32;6. IRÁ A APLICATIVO;2. ALTO;0
RIESGOS;TRIBU RIESGOS PYME;Estimador Venta Pyme con ancla flujo no vigente;32;1. IMPLEMENTADO;2. ALTO;0
RIESGOS;TRIBU RIESGOS PYME;Estimador Venta Pyme con ancla flujo no vigente;32;2. EN PROCESO;2. ALTO;1
RIESGOS;TRIBU RIESGOS PYME;Estimador Venta Pyme con ancla flujo no vigente;32;4. BACKLOG;2. ALTO;0
RIESGOS;TRIBU RIESGOS PYME;Estimador Venta Pyme con ancla flujo no vigente;32;5. OBSOLETO;2. ALTO;0
RIESGOS;TRIBU RIESGOS PYME;Estimador Venta Pyme con ancla flujo no vigente;32;6. IRÁ A APLICATIVO;2. ALTO;0
RIESGOS;TRIBU RIESGOS PYME;Estimador Venta Pyme con ancla RT;32;1. IMPLEMENTADO;2. ALTO;0
RIESGOS;TRIBU RIESGOS PYME;Estimador Venta Pyme con ancla RT;32;2. EN PROCESO;2. ALTO;1
RIESGOS;TRIBU RIESGOS PYME;Estimador Venta Pyme con ancla RT;32;4. BACKLOG;2. ALTO;0
RIESGOS;TRIBU RIESGOS PYME;Estimador Venta Pyme con ancla RT;32;5. OBSOLETO;2. ALTO;0
RIESGOS;TRIBU RIESGOS PYME;Estimador Venta Pyme con ancla RT;32;6. IRÁ A APLICATIVO;2. ALTO;0
RIESGOS;TRIBU RIESGOS PYME;Flujo de venta Pyme observada;32;1. IMPLEMENTADO;2. ALTO;0
RIESGOS;TRIBU RIESGOS PYME;Flujo de venta Pyme observada;32;2. EN PROCESO;2. ALTO;1
RIESGOS;TRIBU RIESGOS PYME;Flujo de venta Pyme observada;32;4. BACKLOG;2. ALTO;0
RIESGOS;TRIBU RIESGOS PYME;Flujo de venta Pyme observada;32;5. OBSOLETO;2. ALTO;0
RIESGOS;TRIBU RIESGOS PYME;Flujo de venta Pyme observada;32;6. IRÁ A APLICATIVO;2. ALTO;0
RIESGOS;TRIBU RIESGOS PYME;Garantias y tasaciones Pyme;32;1. IMPLEMENTADO;1. MEDIO;0
RIESGOS;TRIBU RIESGOS PYME;Garantias y tasaciones Pyme;32;2. EN PROCESO;1. MEDIO;0
RIESGOS;TRIBU RIESGOS PYME;Garantias y tasaciones Pyme;32;4. BACKLOG;1. MEDIO;1
RIESGOS;TRIBU RIESGOS PYME;Garantias y tasaciones Pyme;32;5. OBSOLETO;1. MEDIO;0
RIESGOS;TRIBU RIESGOS PYME;Garantias y tasaciones Pyme;32;6. IRÁ A APLICATIVO;1. MEDIO;0
RIESGOS;TRIBU RIESGOS PYME;Interfaz motor de reglas;32;1. IMPLEMENTADO;2. ALTO;0
RIESGOS;TRIBU RIESGOS PYME;Interfaz motor de reglas;32;2. EN PROCESO;2. ALTO;0
RIESGOS;TRIBU RIESGOS PYME;Interfaz motor de reglas;32;4. BACKLOG;2. ALTO;1
RIESGOS;TRIBU RIESGOS PYME;Interfaz motor de reglas;32;5. OBSOLETO;2. ALTO;0
RIESGOS;TRIBU RIESGOS PYME;Interfaz motor de reglas;32;6. IRÁ A APLICATIVO;2. ALTO;0
RIESGOS;TRIBU RIESGOS PYME;Mejor solicitud Pyme;32;1. IMPLEMENTADO;2. ALTO;0
RIESGOS;TRIBU RIESGOS PYME;Mejor solicitud Pyme;32;2. EN PROCESO;2. ALTO;1
RIESGOS;TRIBU RIESGOS PYME;Mejor solicitud Pyme;32;4. BACKLOG;2. ALTO;0
RIESGOS;TRIBU RIESGOS PYME;Mejor solicitud Pyme;32;5. OBSOLETO;2. ALTO;0
RIESGOS;TRIBU RIESGOS PYME;Mejor solicitud Pyme;32;6. IRÁ A APLICATIVO;2. ALTO;0
RIESGOS;TRIBU RIESGOS PYME;Mitigación Pyme;32;1. IMPLEMENTADO;1. MEDIO;0
RIESGOS;TRIBU RIESGOS PYME;Mitigación Pyme;32;1. IMPLEMENTADO;2. ALTO;0
RIESGOS;TRIBU RIESGOS PYME;Mitigación Pyme;32;2. EN PROCESO;1. MEDIO;0
RIESGOS;TRIBU RIESGOS PYME;Mitigación Pyme;32;2. EN PROCESO;2. ALTO;0
RIESGOS;TRIBU RIESGOS PYME;Mitigación Pyme;32;4. BACKLOG;1. MEDIO;2
RIESGOS;TRIBU RIESGOS PYME;Mitigación Pyme;32;4. BACKLOG;2. ALTO;0
RIESGOS;TRIBU RIESGOS PYME;Mitigación Pyme;32;5. OBSOLETO;1. MEDIO;0
RIESGOS;TRIBU RIESGOS PYME;Mitigación Pyme;32;5. OBSOLETO;2. ALTO;1
RIESGOS;TRIBU RIESGOS PYME;Mitigación Pyme;32;6. IRÁ A APLICATIVO;1. MEDIO;0
RIESGOS;TRIBU RIESGOS PYME;Mitigación Pyme;32;6. IRÁ A APLICATIVO;2. ALTO;0
RIESGOS;TRIBU RIESGOS PYME;POR_DEFINIR;32;1. IMPLEMENTADO;0. BAJO;0
RIESGOS;TRIBU RIESGOS PYME;POR_DEFINIR;32;1. IMPLEMENTADO;1. MEDIO;0
RIESGOS;TRIBU RIESGOS PYME;POR_DEFINIR;32;1. IMPLEMENTADO;2. ALTO;0
RIESGOS;TRIBU RIESGOS PYME;POR_DEFINIR;32;2. EN PROCESO;0. BAJO;0
RIESGOS;TRIBU RIESGOS PYME;POR_DEFINIR;32;2. EN PROCESO;1. MEDIO;0
RIESGOS;TRIBU RIESGOS PYME;POR_DEFINIR;32;2. EN PROCESO;2. ALTO;1
RIESGOS;TRIBU RIESGOS PYME;POR_DEFINIR;32;4. BACKLOG;0. BAJO;4
RIESGOS;TRIBU RIESGOS PYME;POR_DEFINIR;32;4. BACKLOG;1. MEDIO;12
RIESGOS;TRIBU RIESGOS PYME;POR_DEFINIR;32;4. BACKLOG;2. ALTO;8
RIESGOS;TRIBU RIESGOS PYME;POR_DEFINIR;32;5. OBSOLETO;0. BAJO;0
RIESGOS;TRIBU RIESGOS PYME;POR_DEFINIR;32;5. OBSOLETO;1. MEDIO;0
RIESGOS;TRIBU RIESGOS PYME;POR_DEFINIR;32;5. OBSOLETO;2. ALTO;0
RIESGOS;TRIBU RIESGOS PYME;POR_DEFINIR;32;6. IRÁ A APLICATIVO;0. BAJO;0
RIESGOS;TRIBU RIESGOS PYME;POR_DEFINIR;32;6. IRÁ A APLICATIVO;1. MEDIO;0
RIESGOS;TRIBU RIESGOS PYME;POR_DEFINIR;32;6. IRÁ A APLICATIVO;2. ALTO;0
RIESGOS;TRIBU RIESGOS PYME;Portafolio Pyme;32;1. IMPLEMENTADO;2. ALTO;0
RIESGOS;TRIBU RIESGOS PYME;Portafolio Pyme;32;2. EN PROCESO;2. ALTO;1
RIESGOS;TRIBU RIESGOS PYME;Portafolio Pyme;32;4. BACKLOG;2. ALTO;0
RIESGOS;TRIBU RIESGOS PYME;Portafolio Pyme;32;5. OBSOLETO;2. ALTO;0
RIESGOS;TRIBU RIESGOS PYME;Portafolio Pyme;32;6. IRÁ A APLICATIVO;2. ALTO;0
RIESGOS;TRIBU RIESGOS PYME;Proceso gestión Running;32;1. IMPLEMENTADO;0. BAJO;0
RIESGOS;TRIBU RIESGOS PYME;Proceso gestión Running;32;1. IMPLEMENTADO;1. MEDIO;0
RIESGOS;TRIBU RIESGOS PYME;Proceso gestión Running;32;1. IMPLEMENTADO;2. ALTO;1
RIESGOS;TRIBU RIESGOS PYME;Proceso gestión Running;32;2. EN PROCESO;0. BAJO;0
RIESGOS;TRIBU RIESGOS PYME;Proceso gestión Running;32;2. EN PROCESO;1. MEDIO;0
RIESGOS;TRIBU RIESGOS PYME;Proceso gestión Running;32;2. EN PROCESO;2. ALTO;0
RIESGOS;TRIBU RIESGOS PYME;Proceso gestión Running;32;4. BACKLOG;0. BAJO;1
RIESGOS;TRIBU RIESGOS PYME;Proceso gestión Running;32;4. BACKLOG;1. MEDIO;3
RIESGOS;TRIBU RIESGOS PYME;Proceso gestión Running;32;4. BACKLOG;2. ALTO;3
RIESGOS;TRIBU RIESGOS PYME;Proceso gestión Running;32;5. OBSOLETO;0. BAJO;0
RIESGOS;TRIBU RIESGOS PYME;Proceso gestión Running;32;5. OBSOLETO;1. MEDIO;0
RIESGOS;TRIBU RIESGOS PYME;Proceso gestión Running;32;5. OBSOLETO;2. ALTO;0
RIESGOS;TRIBU RIESGOS PYME;Proceso gestión Running;32;6. IRÁ A APLICATIVO;0. BAJO;0
RIESGOS;TRIBU RIESGOS PYME;Proceso gestión Running;32;6. IRÁ A APLICATIVO;1. MEDIO;0
RIESGOS;TRIBU RIESGOS PYME;Proceso gestión Running;32;6. IRÁ A APLICATIVO;2. ALTO;0
RIESGOS;TRIBU RIESGOS PYME;Relacionados Pyme;32;1. IMPLEMENTADO;2. ALTO;1
RIESGOS;TRIBU RIESGOS PYME;Relacionados Pyme;32;2. EN PROCESO;2. ALTO;0
RIESGOS;TRIBU RIESGOS PYME;Relacionados Pyme;32;4. BACKLOG;2. ALTO;0
RIESGOS;TRIBU RIESGOS PYME;Relacionados Pyme;32;5. OBSOLETO;2. ALTO;0
RIESGOS;TRIBU RIESGOS PYME;Relacionados Pyme;32;6. IRÁ A APLICATIVO;2. ALTO;0
RIESGOS;TRIBU RIESGOS PYME;Score Applicant - Activo Fijo;32;1. IMPLEMENTADO;2. ALTO;0
RIESGOS;TRIBU RIESGOS PYME;Score Applicant - Activo Fijo;32;2. EN PROCESO;2. ALTO;0
RIESGOS;TRIBU RIESGOS PYME;Score Applicant - Activo Fijo;32;4. BACKLOG;2. ALTO;1
RIESGOS;TRIBU RIESGOS PYME;Score Applicant - Activo Fijo;32;5. OBSOLETO;2. ALTO;0
RIESGOS;TRIBU RIESGOS PYME;Score Applicant - Activo Fijo;32;6. IRÁ A APLICATIVO;2. ALTO;0
RIESGOS;TRIBU RIESGOS PYME;Score Applicant - Campaña CEN;32;1. IMPLEMENTADO;1. MEDIO;0
RIESGOS;TRIBU RIESGOS PYME;Score Applicant - Campaña CEN;32;2. EN PROCESO;1. MEDIO;0
RIESGOS;TRIBU RIESGOS PYME;Score Applicant - Campaña CEN;32;4. BACKLOG;1. MEDIO;1
RIESGOS;TRIBU RIESGOS PYME;Score Applicant - Campaña CEN;32;5. OBSOLETO;1. MEDIO;0
RIESGOS;TRIBU RIESGOS PYME;Score Applicant - Campaña CEN;32;6. IRÁ A APLICATIVO;1. MEDIO;0
RIESGOS;TRIBU RIESGOS PYME;Score Applicant - Campaña pilotos;32;1. IMPLEMENTADO;1. MEDIO;0
RIESGOS;TRIBU RIESGOS PYME;Score Applicant - Campaña pilotos;32;2. EN PROCESO;1. MEDIO;0
RIESGOS;TRIBU RIESGOS PYME;Score Applicant - Campaña pilotos;32;4. BACKLOG;1. MEDIO;1
RIESGOS;TRIBU RIESGOS PYME;Score Applicant - Campaña pilotos;32;5. OBSOLETO;1. MEDIO;0
RIESGOS;TRIBU RIESGOS PYME;Score Applicant - Campaña pilotos;32;6. IRÁ A APLICATIVO;1. MEDIO;0
RIESGOS;TRIBU RIESGOS PYME;Score Applicant - Campaña Top AFI;32;1. IMPLEMENTADO;1. MEDIO;0
RIESGOS;TRIBU RIESGOS PYME;Score Applicant - Campaña Top AFI;32;2. EN PROCESO;1. MEDIO;0
RIESGOS;TRIBU RIESGOS PYME;Score Applicant - Campaña Top AFI;32;4. BACKLOG;1. MEDIO;1
RIESGOS;TRIBU RIESGOS PYME;Score Applicant - Campaña Top AFI;32;5. OBSOLETO;1. MEDIO;0
RIESGOS;TRIBU RIESGOS PYME;Score Applicant - Campaña Top AFI;32;6. IRÁ A APLICATIVO;1. MEDIO;0
RIESGOS;TRIBU RIESGOS PYME;Score Applicant - Compra deuda activo fijo;32;1. IMPLEMENTADO;1. MEDIO;0
RIESGOS;TRIBU RIESGOS PYME;Score Applicant - Compra deuda activo fijo;32;2. EN PROCESO;1. MEDIO;0
RIESGOS;TRIBU RIESGOS PYME;Score Applicant - Compra deuda activo fijo;32;4. BACKLOG;1. MEDIO;1
RIESGOS;TRIBU RIESGOS PYME;Score Applicant - Compra deuda activo fijo;32;5. OBSOLETO;1. MEDIO;0
RIESGOS;TRIBU RIESGOS PYME;Score Applicant - Compra deuda activo fijo;32;6. IRÁ A APLICATIVO;1. MEDIO;0
RIESGOS;TRIBU RIESGOS PYME;Score Applicant - Compra deuda capital trabajo;32;1. IMPLEMENTADO;2. ALTO;0
RIESGOS;TRIBU RIESGOS PYME;Score Applicant - Compra deuda capital trabajo;32;2. EN PROCESO;2. ALTO;0
RIESGOS;TRIBU RIESGOS PYME;Score Applicant - Compra deuda capital trabajo;32;4. BACKLOG;2. ALTO;1
RIESGOS;TRIBU RIESGOS PYME;Score Applicant - Compra deuda capital trabajo;32;5. OBSOLETO;2. ALTO;0
RIESGOS;TRIBU RIESGOS PYME;Score Applicant - Compra deuda capital trabajo;32;6. IRÁ A APLICATIVO;2. ALTO;0
RIESGOS;TRIBU RIESGOS PYME;Score Base Applicant Pyme ;32;1. IMPLEMENTADO;1. MEDIO;0
RIESGOS;TRIBU RIESGOS PYME;Score Base Applicant Pyme ;32;1. IMPLEMENTADO;2. ALTO;2
RIESGOS;TRIBU RIESGOS PYME;Score Base Applicant Pyme ;32;2. EN PROCESO;1. MEDIO;0
RIESGOS;TRIBU RIESGOS PYME;Score Base Applicant Pyme ;32;2. EN PROCESO;2. ALTO;1
RIESGOS;TRIBU RIESGOS PYME;Score Base Applicant Pyme ;32;4. BACKLOG;1. MEDIO;1
RIESGOS;TRIBU RIESGOS PYME;Score Base Applicant Pyme ;32;4. BACKLOG;2. ALTO;2
RIESGOS;TRIBU RIESGOS PYME;Score Base Applicant Pyme ;32;5. OBSOLETO;1. MEDIO;0
RIESGOS;TRIBU RIESGOS PYME;Score Base Applicant Pyme ;32;5. OBSOLETO;2. ALTO;0
RIESGOS;TRIBU RIESGOS PYME;Score Base Applicant Pyme ;32;6. IRÁ A APLICATIVO;1. MEDIO;0
RIESGOS;TRIBU RIESGOS PYME;Score Base Applicant Pyme ;32;6. IRÁ A APLICATIVO;2. ALTO;0
RIESGOS;TRIBU RIESGOS PYME;Score Base Applicant Pyme capital trabajo;32;1. IMPLEMENTADO;1. MEDIO;0
RIESGOS;TRIBU RIESGOS PYME;Score Base Applicant Pyme capital trabajo;32;2. EN PROCESO;1. MEDIO;0
RIESGOS;TRIBU RIESGOS PYME;Score Base Applicant Pyme capital trabajo;32;4. BACKLOG;1. MEDIO;1
RIESGOS;TRIBU RIESGOS PYME;Score Base Applicant Pyme capital trabajo;32;5. OBSOLETO;1. MEDIO;0
RIESGOS;TRIBU RIESGOS PYME;Score Base Applicant Pyme capital trabajo;32;6. IRÁ A APLICATIVO;1. MEDIO;0
RIESGOS;TRIBU RIESGOS PYME;Score Behavior Pyme;32;1. IMPLEMENTADO;1. MEDIO;0
RIESGOS;TRIBU RIESGOS PYME;Score Behavior Pyme;32;1. IMPLEMENTADO;2. ALTO;0
RIESGOS;TRIBU RIESGOS PYME;Score Behavior Pyme;32;2. EN PROCESO;1. MEDIO;0
RIESGOS;TRIBU RIESGOS PYME;Score Behavior Pyme;32;2. EN PROCESO;2. ALTO;0
RIESGOS;TRIBU RIESGOS PYME;Score Behavior Pyme;32;4. BACKLOG;1. MEDIO;2
RIESGOS;TRIBU RIESGOS PYME;Score Behavior Pyme;32;4. BACKLOG;2. ALTO;1
RIESGOS;TRIBU RIESGOS PYME;Score Behavior Pyme;32;5. OBSOLETO;1. MEDIO;0
RIESGOS;TRIBU RIESGOS PYME;Score Behavior Pyme;32;5. OBSOLETO;2. ALTO;0
RIESGOS;TRIBU RIESGOS PYME;Score Behavior Pyme;32;6. IRÁ A APLICATIVO;1. MEDIO;0
RIESGOS;TRIBU RIESGOS PYME;Score Behavior Pyme;32;6. IRÁ A APLICATIVO;2. ALTO;0
RIESGOS;TRIBU RIESGOS PYME;Score Segmento no cliente cruce ;32;1. IMPLEMENTADO;2. ALTO;0
RIESGOS;TRIBU RIESGOS PYME;Score Segmento no cliente cruce ;32;2. EN PROCESO;2. ALTO;4
RIESGOS;TRIBU RIESGOS PYME;Score Segmento no cliente cruce ;32;4. BACKLOG;2. ALTO;1
RIESGOS;TRIBU RIESGOS PYME;Score Segmento no cliente cruce ;32;5. OBSOLETO;2. ALTO;0
RIESGOS;TRIBU RIESGOS PYME;Score Segmento no cliente cruce ;32;6. IRÁ A APLICATIVO;2. ALTO;0
RIESGOS;TRIBU RIESGOS PYME;Segmentación Originación Pyme;32;1. IMPLEMENTADO;2. ALTO;1
RIESGOS;TRIBU RIESGOS PYME;Segmentación Originación Pyme;32;2. EN PROCESO;2. ALTO;0
RIESGOS;TRIBU RIESGOS PYME;Segmentación Originación Pyme;32;4. BACKLOG;2. ALTO;0
RIESGOS;TRIBU RIESGOS PYME;Segmentación Originación Pyme;32;5. OBSOLETO;2. ALTO;0
RIESGOS;TRIBU RIESGOS PYME;Segmentación Originación Pyme;32;6. IRÁ A APLICATIVO;2. ALTO;0
RIESGOS;TRIBU RIESGOS PYME;Segmentación Portafolio Pyme;32;1. IMPLEMENTADO;1. MEDIO;0
RIESGOS;TRIBU RIESGOS PYME;Segmentación Portafolio Pyme;32;2. EN PROCESO;1. MEDIO;0
RIESGOS;TRIBU RIESGOS PYME;Segmentación Portafolio Pyme;32;4. BACKLOG;1. MEDIO;1
RIESGOS;TRIBU RIESGOS PYME;Segmentación Portafolio Pyme;32;5. OBSOLETO;1. MEDIO;0
RIESGOS;TRIBU RIESGOS PYME;Segmentación Portafolio Pyme;32;6. IRÁ A APLICATIVO;1. MEDIO;0
RIESGOS;TRIBU RIESGOS PYME;Sobre Endeudamiento Pyme;32;1. IMPLEMENTADO;2. ALTO;1
RIESGOS;TRIBU RIESGOS PYME;Sobre Endeudamiento Pyme;32;2. EN PROCESO;2. ALTO;0
RIESGOS;TRIBU RIESGOS PYME;Sobre Endeudamiento Pyme;32;4. BACKLOG;2. ALTO;0
RIESGOS;TRIBU RIESGOS PYME;Sobre Endeudamiento Pyme;32;5. OBSOLETO;2. ALTO;0
RIESGOS;TRIBU RIESGOS PYME;Sobre Endeudamiento Pyme;32;6. IRÁ A APLICATIVO;2. ALTO;0
RIESGOS;TRIBU RIESGOS PYME;Universo Pyme;32;1. IMPLEMENTADO;2. ALTO;1
RIESGOS;TRIBU RIESGOS PYME;Universo Pyme;32;2. EN PROCESO;2. ALTO;0
RIESGOS;TRIBU RIESGOS PYME;Universo Pyme;32;4. BACKLOG;2. ALTO;0
RIESGOS;TRIBU RIESGOS PYME;Universo Pyme;32;5. OBSOLETO;2. ALTO;0
RIESGOS;TRIBU RIESGOS PYME;Universo Pyme;32;6. IRÁ A APLICATIVO;2. ALTO;0
